year,month,week,drug_class,claims_per_1000ppl
2011,1,1,Macrolides,4.739573493949126
2011,1,1,Nitrofurans,0.2389234000466734
2011,1,1,Penicillins,5.106293131230066
2011,1,1,Quinolones,1.6419038305533022
2011,1,1,Tetracyclines,0.8890173024992499
2011,1,2,Macrolides,3.8950070565748383
2011,1,2,Nitrofurans,0.28337426517163594
2011,1,2,Penicillins,4.4173047217931485
2011,1,2,Quinolones,1.4918821607565538
2011,1,2,Tetracyclines,0.7667774234056031
2011,1,3,Macrolides,3.619967328614133
2011,1,3,Nitrofurans,0.23614522097636328
2011,1,3,Penicillins,4.006134219387245
2011,1,3,Quinolones,1.372420460733217
2011,1,3,Tetracyclines,0.6500939024525765
2011,1,4,Macrolides,3.597741896051652
2011,1,4,Nitrofurans,0.2472579372576039
2011,1,4,Penicillins,4.200606754308955
2011,1,4,Quinolones,1.4474312956315911
2011,1,4,Tetracyclines,0.7751119606165334
2011,1,5,Macrolides,3.7838798937624327
2011,1,5,Nitrofurans,0.25559247446853434
2011,1,5,Penicillins,4.206163112449576
2011,1,5,Quinolones,1.386311356084768
2011,1,5,Tetracyclines,0.7556647071243624
2011,2,6,Macrolides,4.082544195787817
2011,2,6,Nitrofurans,0.2178809444049535
2011,2,6,Penicillins,4.763422147053296
2011,2,6,Quinolones,1.4924844691739316
2011,2,6,Tetracyclines,0.7843713998578327
2011,2,7,Macrolides,4.210549250625727
2011,2,7,Nitrofurans,0.3077568339719968
2011,2,7,Penicillins,5.133819752541718
2011,2,7,Quinolones,1.5387841698599842
2011,2,7,Tetracyclines,0.8388416359590711
2011,2,8,Macrolides,3.5759710000462994
2011,2,8,Nitrofurans,0.17430475552396282
2011,2,8,Penicillins,4.455665313081299
2011,2,8,Quinolones,1.3535853671157738
2011,2,8,Tetracyclines,0.604619620723746
2011,2,9,Macrolides,3.9463686055347207
2011,2,9,Nitrofurans,0.23422201523532504
2011,2,9,Penicillins,4.86691559564565
2011,2,9,Quinolones,1.5278901226397366
2011,2,9,Tetracyclines,0.7870949116628946
2011,3,10,Macrolides,3.902348504281667
2011,3,10,Nitrofurans,0.2346866932644919
2011,3,10,Penicillins,4.486336322404938
2011,3,10,Quinolones,1.3862888392832775
2011,3,10,Tetracyclines,0.6958733346795981
2011,3,11,Macrolides,3.6485594057514614
2011,3,11,Nitrofurans,0.2565180135681656
2011,3,11,Penicillins,4.628239904378817
2011,3,11,Quinolones,1.4053912445489922
2011,3,11,Tetracyclines,0.7777407858183744
2011,3,12,Macrolides,3.645830490713502
2011,3,12,Nitrofurans,0.22104211807469587
2011,3,12,Penicillins,4.726480845745349
2011,3,12,Quinolones,1.3999334144730735
2011,3,12,Tetracyclines,0.7586383805526599
2011,3,13,Macrolides,3.8641436937502385
2011,3,13,Nitrofurans,0.21012645792285903
2011,3,13,Penicillins,4.884757917946982
2011,3,13,Quinolones,1.4299514798906252
2011,3,13,Tetracyclines,0.8350480016155177
2011,4,14,Macrolides,3.913336302508229
2011,4,14,Nitrofurans,0.26613945707550757
2011,4,14,Penicillins,4.646577663838709
2011,4,14,Quinolones,1.3822957515452383
2011,4,14,Tetracyclines,0.7712612837698383
2011,4,15,Macrolides,3.4054987670682295
2011,4,15,Nitrofurans,0.28243370954951824
2011,4,15,Penicillins,4.7579217224111146
2011,4,15,Quinolones,1.3497072465972169
2011,4,15,Tetracyclines,0.806565497463528
2011,4,16,Macrolides,3.329458922189513
2011,4,16,Nitrofurans,0.25256091334716535
2011,4,16,Penicillins,3.9486405162019182
2011,4,16,Quinolones,1.13516625568941
2011,4,16,Tetracyclines,0.7984183712265227
2011,4,17,Macrolides,3.432655854524914
2011,4,17,Nitrofurans,0.2009624471794649
2011,4,17,Penicillins,3.8454435838665177
2011,4,17,Quinolones,1.393158586527912
2011,4,17,Tetracyclines,0.7929869537351859
2011,4,18,Macrolides,3.3810573883572133
2011,4,18,Nitrofurans,0.28243370954951824
2011,4,18,Penicillins,3.867169253831865
2011,4,18,Quinolones,1.4393256352042756
2011,4,18,Tetracyclines,0.904331012307592
2011,5,19,Macrolides,3.5072277511083274
2011,5,19,Nitrofurans,0.2645945493522833
2011,5,19,Penicillins,3.866320353800712
2011,5,19,Quinolones,1.4579699658187042
2011,5,19,Tetracyclines,0.8747819794912224
2011,5,20,Macrolides,3.6665244695959265
2011,5,20,Nitrofurans,0.2564947162088461
2011,5,20,Penicillins,4.0850158486735175
2011,5,20,Quinolones,1.349972190572874
2011,5,20,Tetracyclines,0.8882817013969513
2011,5,21,Macrolides,3.6530247476901976
2011,5,21,Nitrofurans,0.30239377068832385
2011,5,21,Penicillins,4.039116794194039
2011,5,21,Quinolones,1.544368186015368
2011,5,21,Tetracyclines,0.7316849272904977
2011,5,22,Macrolides,2.9672388748791776
2011,5,22,Nitrofurans,0.2051957729670769
2011,5,22,Penicillins,3.3668306432887483
2011,5,22,Quinolones,1.3283726355237082
2011,5,22,Tetracyclines,0.7640842598642468
2011,6,23,Macrolides,3.2921632436471535
2011,6,23,Nitrofurans,0.28698133538371573
2011,6,23,Penicillins,3.676609938217791
2011,6,23,Quinolones,1.4728098721579372
2011,6,23,Tetracyclines,0.8609440061511471
2011,6,24,Macrolides,3.246137935142218
2011,6,24,Nitrofurans,0.23824865579025456
2011,6,24,Penicillins,3.5845593212079208
2011,6,24,Quinolones,1.380759255148066
2011,6,24,Tetracyclines,0.8149186976462116
2011,6,25,Macrolides,3.154087318132347
2011,6,25,Nitrofurans,0.2517855112328827
2011,6,25,Penicillins,3.3084074701783077
2011,6,25,Quinolones,1.3509781731742845
2011,6,25,Tetracyclines,0.8446997796199934
2011,6,26,Macrolides,2.867105982748632
2011,6,26,Nitrofurans,0.27885922211813885
2011,6,26,Penicillins,3.0809882987421555
2011,6,26,Quinolones,1.3861739973251173
2011,6,26,Tetracyclines,0.8311629241773653
2011,7,27,Macrolides,2.422267598529376
2011,7,27,Nitrofurans,0.24276624038713124
2011,7,27,Penicillins,2.662336436245539
2011,7,27,Quinolones,1.2354104233034011
2011,7,27,Tetracyclines,0.7256013184904255
2011,7,28,Macrolides,2.745955919045551
2011,7,28,Nitrofurans,0.28592468312262126
2011,7,28,Penicillins,2.8268779991745947
2011,7,28,Quinolones,1.4808740663615003
2011,7,28,Tetracyclines,0.8146156066323736
2011,7,29,Macrolides,2.635362409535858
2011,7,29,Nitrofurans,0.25895065641293996
2011,7,29,Penicillins,2.807996180477818
2011,7,29,Quinolones,1.507848093071182
2011,7,29,Tetracyclines,0.7876415799226923
2011,7,30,Macrolides,2.4950974706455153
2011,7,30,Nitrofurans,0.3048065018193981
2011,7,30,Penicillins,2.8160883884907224
2011,7,30,Quinolones,1.5294273144389268
2011,7,30,Tetracyclines,0.7687597612259156
2011,7,31,Macrolides,2.6218753961810175
2011,7,31,Nitrofurans,0.31559611250327063
2011,7,31,Penicillins,2.7729299457552323
2011,7,31,Quinolones,1.4781766636905322
2011,7,31,Tetracyclines,0.7714571638968837
2011,8,32,Macrolides,2.745105567271541
2011,8,32,Nitrofurans,0.2769786836108148
2011,8,32,Penicillins,2.9699793500050733
2011,8,32,Quinolones,1.5000726726249078
2011,8,32,Tetracyclines,0.7678616971388925
2011,8,33,Macrolides,2.7889833785366203
2011,8,33,Nitrofurans,0.2961752260392871
2011,8,33,Penicillins,2.714939572026798
2011,8,33,Quinolones,1.4671643141760982
2011,8,33,Tetracyclines,0.7678616971388925
2011,8,34,Macrolides,2.643638128721044
2011,8,34,Nitrofurans,0.34279540050843416
2011,8,34,Penicillins,2.8739966378627115
2011,8,34,Quinolones,1.3629545124215343
2011,8,34,Tetracyclines,0.8748138620975239
2011,8,35,Macrolides,2.5503977797827497
2011,8,35,Nitrofurans,0.2989175892433546
2011,8,35,Penicillins,2.629926312700707
2011,8,35,Quinolones,1.3465003331971293
2011,8,35,Tetracyclines,0.7267262490778804
2011,9,36,Macrolides,2.4357166834508224
2011,9,36,Nitrofurans,0.3249412554548506
2011,9,36,Penicillins,2.4733131923464247
2011,9,36,Quinolones,1.2406847935548844
2011,9,36,Tetracyclines,0.6982208794897616
2011,9,37,Macrolides,2.7338032896945283
2011,9,37,Nitrofurans,0.33031218529707956
2011,9,37,Penicillins,2.8627056059080225
2011,9,37,Quinolones,1.4259818731117826
2011,9,37,Tetracyclines,0.7868412218865392
2011,9,38,Macrolides,2.9191003692514266
2011,9,38,Nitrofurans,0.338368580060423
2011,9,38,Penicillins,3.0748573346760657
2011,9,38,Quinolones,1.256797583081571
2011,9,38,Tetracyclines,0.7680429674387379
2011,9,39,Macrolides,3.2574689493118494
2011,9,39,Nitrofurans,0.287344746559248
2011,9,39,Penicillins,3.287009063444109
2011,9,39,Quinolones,1.41255454850621
2011,9,39,Tetracyclines,0.7250755287009063
2011,10,40,Macrolides,3.487874083195032
2011,10,40,Nitrofurans,0.39616681835216017
2011,10,40,Penicillins,3.3540339418598424
2011,10,40,Quinolones,1.456180737726859
2011,10,40,Tetracyclines,0.872637721505434
2011,10,41,Macrolides,3.038171208308796
2011,10,41,Nitrofurans,0.31050912789763907
2011,10,41,Penicillins,3.297821082499063
2011,10,41,Quinolones,1.2366829059371487
2011,10,41,Tetracyclines,0.722736763210022
2011,10,42,Macrolides,3.3620643503399537
2011,10,42,Nitrofurans,0.3212163392044542
2011,10,42,Penicillins,3.63509823866374
2011,10,42,Quinolones,1.3437550190053
2011,10,42,Tetracyclines,0.8351624819315808
2011,10,43,Macrolides,3.380801970126881
2011,10,43,Nitrofurans,0.323893142031158
2011,10,43,Penicillins,3.739493548905188
2011,10,43,Quinolones,1.3009261737780395
2011,10,43,Tetracyclines,0.8405160875849884
2011,10,44,Macrolides,3.7421703517318914
2011,10,44,Nitrofurans,0.33192355051126937
2011,10,44,Penicillins,3.945607366561379
2011,10,44,Quinolones,1.2795117511644092
2011,10,44,Tetracyclines,0.7762728197440977
2011,11,45,Macrolides,3.620690114184853
2011,11,45,Nitrofurans,0.37005582784683416
2011,11,45,Penicillins,3.852307790606971
2011,11,45,Quinolones,1.291201989249745
2011,11,45,Tetracyclines,0.8519270856905534
2011,11,46,Macrolides,3.958798676318291
2011,11,46,Nitrofurans,0.3327840178478725
2011,11,46,Penicillins,4.006719574888384
2011,11,46,Quinolones,1.4056796913894132
2011,11,46,Tetracyclines,0.8785498071183833
2011,11,47,Macrolides,3.0775865970571243
2011,11,47,Nitrofurans,0.3008367521344767
2011,11,47,Penicillins,3.186739754911226
2011,11,47,Quinolones,1.301851077820877
2011,11,47,Tetracyclines,0.6895284849807917
2011,11,48,Macrolides,4.201065441311542
2011,11,48,Nitrofurans,0.3274594735623065
2011,11,48,Penicillins,4.129184093456401
2011,11,48,Quinolones,1.3417851599626218
2011,11,48,Tetracyclines,0.8838743514039492
2011,12,49,Macrolides,4.025514422987442
2011,12,49,Nitrofurans,0.34033411237938743
2011,12,49,Penicillins,4.1930226189241715
2011,12,49,Quinolones,1.3959016328060814
2011,12,49,Tetracyclines,0.7763871938654776
2011,12,50,Macrolides,3.8260999040151447
2011,12,50,Nitrofurans,0.29779234833196405
2011,12,50,Penicillins,4.275447286766055
2011,12,50,Quinolones,1.4490788378653603
2011,12,50,Tetracyclines,0.7285277093121263
2011,12,51,Macrolides,4.2408821034775235
2011,12,51,Nitrofurans,0.3988290379445947
2011,12,51,Penicillins,4.179728317659353
2011,12,51,Quinolones,1.2257345766163876
2011,12,51,Tetracyclines,0.8774238834781083
2011,12,52,Macrolides,3.4777892108768658
2011,12,52,Nitrofurans,0.2871569073201081
2011,12,52,Penicillins,3.677203729849163
2011,12,52,Quinolones,1.0236611973911265
2011,12,52,Tetracyclines,0.5530429326165046
2012,1,1,Macrolides,3.941454783851883
2012,1,1,Nitrofurans,0.2975179629761275
2012,1,1,Penicillins,3.896695444289103
2012,1,1,Quinolones,1.1505783169961743
2012,1,1,Tetracyclines,0.6661242887872589
2012,1,2,Macrolides,4.220542430537455
2012,1,2,Nitrofurans,0.3264798885755735
2012,1,2,Penicillins,4.202112114246898
2012,1,2,Quinolones,1.4033369404095215
2012,1,2,Tetracyclines,0.8504274516928246
2012,1,3,Macrolides,3.41487431840741
2012,1,3,Nitrofurans,0.2975179629761275
2012,1,3,Penicillins,3.8071767651635424
2012,1,3,Quinolones,1.2400969961217347
2012,1,3,Tetracyclines,0.7187823353317061
2012,1,4,Macrolides,3.894062541961881
2012,1,4,Nitrofurans,0.3343785955572406
2012,1,4,Penicillins,4.286364988718014
2012,1,4,Quinolones,1.4612607916084135
2012,1,4,Tetracyclines,0.774073284203376
2012,1,5,Macrolides,4.136289556066338
2012,1,5,Nitrofurans,0.3080495722850169
2012,1,5,Penicillins,4.312694011990238
2012,1,5,Quinolones,1.3506788938650742
2012,1,5,Tetracyclines,0.7846048935122654
2012,2,6,Macrolides,3.917287774406008
2012,2,6,Nitrofurans,0.30293692122073135
2012,2,6,Penicillins,4.497046365018098
2012,2,6,Quinolones,1.3527700447615416
2012,2,6,Tetracyclines,0.7521192526859536
2012,2,7,Macrolides,3.8728918462960737
2012,2,7,Nitrofurans,0.33688674859891676
2012,2,7,Penicillins,4.209778594894991
2012,2,7,Quinolones,1.4206696995179124
2012,2,7,Tetracyclines,0.778234504515327
2012,2,8,Macrolides,3.269629529037549
2012,2,8,Nitrofurans,0.33688674859891676
2012,2,8,Penicillins,3.820661342637327
2012,2,8,Quinolones,1.1751863323218026
2012,2,8,Tetracyclines,0.7260040008565802
2012,2,9,Macrolides,3.6326315294658382
2012,2,9,Nitrofurans,0.3290521730501047
2012,2,9,Penicillins,4.000856580260004
2012,2,9,Quinolones,1.3684391958591655
2012,2,9,Tetracyclines,0.7155579001248309
2012,3,10,Macrolides,3.4363543309553903
2012,3,10,Nitrofurans,0.3420687061969271
2012,3,10,Penicillins,3.963819053488056
2012,3,10,Quinolones,1.321273017829352
2012,3,10,Tetracyclines,0.7781410263105671
2012,3,11,Macrolides,3.3110161790664394
2012,3,11,Nitrofurans,0.3629583981784189
2012,3,11,Penicillins,4.044766609916337
2012,3,11,Quinolones,1.232491826908012
2012,3,11,Tetracyclines,0.7494176998360159
2012,3,12,Macrolides,3.1856780271774894
2012,3,12,Nitrofurans,0.3681808211737918
2012,3,12,Penicillins,3.88026028556209
2012,3,12,Quinolones,1.242936672898758
2012,3,12,Tetracyclines,0.7233055848591513
2012,3,13,Macrolides,3.3214610250571854
2012,3,13,Nitrofurans,0.37079203267147826
2012,3,13,Penicillins,4.000376014455667
2012,3,13,Quinolones,1.3447739213085304
2012,3,13,Tetracyclines,0.7363616423475836
2012,4,14,Macrolides,3.1925881874237065
2012,4,14,Nitrofurans,0.3860319050152848
2012,4,14,Penicillins,3.9959518816447046
2012,4,14,Quinolones,1.2572120149822112
2012,4,14,Tetracyclines,0.7303306311099982
2012,4,15,Macrolides,3.1847632163760995
2012,4,15,Nitrofurans,0.3338654313645706
2012,4,15,Penicillins,3.975085292184419
2012,4,15,Quinolones,1.2024372176489613
2012,4,15,Tetracyclines,0.7746721337131053
2012,4,16,Macrolides,2.903064258662243
2012,4,16,Nitrofurans,0.31560716558682067
2012,4,16,Penicillins,3.2186714242490635
2012,4,16,Quinolones,1.1189708598078187
2012,4,16,Tetracyclines,0.6755558337767483
2012,4,17,Macrolides,3.041305413836635
2012,4,17,Nitrofurans,0.34169040241217774
2012,4,17,Penicillins,3.2812711926299207
2012,4,17,Quinolones,1.267645309712354
2012,4,17,Tetracyclines,0.7511972205702839
2012,4,18,Macrolides,2.9447974375828143
2012,4,18,Nitrofurans,0.38342358133274906
2012,4,18,Penicillins,3.312571076820349
2012,4,18,Quinolones,1.1372291255855689
2012,4,18,Tetracyclines,0.7511972205702839
2012,5,19,Macrolides,3.1134719230161014
2012,5,19,Nitrofurans,0.3629359443982133
2012,5,19,Penicillins,3.5152938614569806
2012,5,19,Quinolones,1.1743570200885045
2012,5,19,Tetracyclines,0.7388338868106485
2012,5,20,Macrolides,3.0953251257961907
2012,5,20,Nitrofurans,0.3862675408238128
2012,5,20,Penicillins,3.5749190523224015
2012,5,20,Quinolones,1.2210202129397034
2012,5,20,Tetracyclines,0.8191982744988243
2012,5,21,Macrolides,2.906079954788551
2012,5,21,Nitrofurans,0.32145755075270327
2012,5,21,Penicillins,3.367527084094851
2012,5,21,Quinolones,1.2495366085709916
2012,5,21,Tetracyclines,0.7647578828390923
2012,5,22,Macrolides,2.44981762468794
2012,5,22,Nitrofurans,0.347381546781147
2012,5,22,Penicillins,3.0123683385051705
2012,5,22,Quinolones,1.1121394296202394
2012,5,22,Tetracyclines,0.674023896739539
2012,6,23,Macrolides,2.7807076421516923
2012,6,23,Nitrofurans,0.3887289341311779
2012,6,23,Penicillins,3.2549569417917295
2012,6,23,Quinolones,1.334636007183711
2012,6,23,Tetracyclines,0.6867544502984143
2012,6,24,Macrolides,2.607075384906433
2012,6,24,Nitrofurans,0.39132046035871904
2012,6,24,Penicillins,3.223858627061235
2012,6,24,Quinolones,1.3916495841896168
2012,6,24,Tetracyclines,0.7722748158072734
2012,6,25,Macrolides,2.874002586343175
2012,6,25,Nitrofurans,0.33689840958035416
2012,6,25,Penicillins,3.153887418917623
2012,6,25,Quinolones,1.4097902677824052
2012,6,25,Tetracyclines,0.837062971495803
2012,6,26,Macrolides,2.7366516962834924
2012,6,26,Nitrofurans,0.4146441964065898
2012,6,26,Penicillins,3.182394207420576
2012,6,26,Quinolones,1.4875360546086407
2012,6,26,Tetracyclines,0.7541341322144851
2012,7,27,Macrolides,2.3358483870198863
2012,7,27,Nitrofurans,0.3813630019624305
2012,7,27,Penicillins,2.595387096688763
2012,7,27,Quinolones,1.300341902524676
2012,7,27,Tetracyclines,0.6647368992539586
2012,7,28,Macrolides,2.791365306030567
2012,7,28,Nitrofurans,0.4396267939289129
2012,7,28,Penicillins,3.066794140781212
2012,7,28,Quinolones,1.4645398617029446
2012,7,28,Tetracyclines,0.8103963791701647
2012,7,29,Macrolides,2.433837491690789
2012,7,29,Nitrofurans,0.4449235022895022
2012,7,29,Penicillins,2.9502665568482467
2012,7,29,Quinolones,1.5201552994891323
2012,7,29,Tetracyclines,0.7124072744992624
2012,7,30,Macrolides,2.5874420341478785
2012,7,30,Nitrofurans,0.4872971691742166
2012,7,30,Penicillins,2.8655192230788176
2012,7,30,Quinolones,1.3744958195729264
2012,7,30,Tetracyclines,0.7733194206460395
2012,7,31,Macrolides,2.5583101381646376
2012,7,31,Nitrofurans,0.3972531270441983
2012,7,31,Penicillins,2.722508097342906
2012,7,31,Quinolones,1.3930342988349889
2012,7,31,Tetracyclines,0.7733194206460395
2012,8,32,Macrolides,2.7969590110081657
2012,8,32,Nitrofurans,0.434426998833483
2012,8,32,Penicillins,2.9900376771563804
2012,8,32,Quinolones,1.4159102184202412
2012,8,32,Tetracyclines,0.7642697201700165
2012,8,33,Macrolides,2.5153859562086858
2012,8,33,Nitrofurans,0.4746517209476944
2012,8,33,Penicillins,2.9337230661964844
2012,8,33,Quinolones,1.397138681433609
2012,8,33,Tetracyclines,0.8071760904251754
2012,8,34,Macrolides,2.6360601225513203
2012,8,34,Nitrofurans,0.4290637025515882
2012,8,34,Penicillins,2.9739477883106957
2012,8,34,Quinolones,1.4883147182258216
2012,8,34,Tetracyclines,0.7508614794652794
2012,8,35,Macrolides,2.7915957147262707
2012,8,35,Nitrofurans,0.4639251283839048
2012,8,35,Penicillins,2.866681862672799
2012,8,35,Quinolones,1.421273514702136
2012,8,35,Tetracyclines,0.6999101647872782
2012,9,36,Macrolides,2.396896841951184
2012,9,36,Nitrofurans,0.3946907558720052
2012,9,36,Penicillins,2.3393922285128785
2012,9,36,Quinolones,1.1500922687661077
2012,9,36,Tetracyclines,0.6299369017559818
2012,9,37,Macrolides,2.796815289953944
2012,9,37,Nitrofurans,0.4704922917679532
2012,9,37,Penicillins,2.911824516830555
2012,9,37,Quinolones,1.2703291877734737
2012,9,37,Tetracyclines,0.7658568971556127
2012,9,38,Macrolides,2.856933749457627
2012,9,38,Nitrofurans,0.3973046019373827
2012,9,38,Penicillins,3.249010659264255
2012,9,38,Quinolones,1.2441907271196986
2012,9,38,Tetracyclines,0.7397184365018374
2012,9,39,Macrolides,3.2280998907412344
2012,9,39,Nitrofurans,0.444353831114178
2012,9,39,Penicillins,3.463346036625211
2012,9,39,Quinolones,1.2964676484272488
2012,9,39,Tetracyclines,0.7501738207633476
2012,9,40,Macrolides,3.024219897641788
2012,9,40,Nitrofurans,0.4129876783296478
2012,9,40,Penicillins,3.4450491141675688
2012,9,40,Quinolones,1.2833984181003613
2012,9,40,Tetracyclines,0.731876898305705
2012,10,41,Macrolides,3.0202984888092734
2012,10,41,Nitrofurans,0.4608558901027943
2012,10,41,Penicillins,3.22599123071956
2012,10,41,Quinolones,1.226345334680317
2012,10,41,Tetracyclines,0.6509263984502744
2012,10,42,Macrolides,3.3171209265025983
2012,10,42,Nitrofurans,0.41138548382057344
2012,10,42,Penicillins,3.387420977535228
2012,10,42,Quinolones,1.254986096212129
2012,10,42,Tetracyclines,0.8149598508597437
2012,10,43,Macrolides,3.0958059510295053
2012,10,43,Nitrofurans,0.4764781236656009
2012,10,43,Penicillins,3.65299894810294
2012,10,43,Quinolones,1.3409083808075657
2012,10,43,Tetracyclines,0.8175635564535447
2012,10,44,Macrolides,2.8875095035254175
2012,10,44,Nitrofurans,0.43481883416478334
2012,10,44,Penicillins,3.1036170678109083
2012,10,44,Quinolones,1.1300082277096766
2012,10,44,Tetracyclines,0.6196819313246612
2012,11,45,Macrolides,3.4338009275923773
2012,11,45,Nitrofurans,0.4195141404750869
2012,11,45,Penicillins,3.6901706801049303
2012,11,45,Quinolones,1.1963921783919145
2012,11,45,Tetracyclines,0.7846468182959957
2012,11,46,Macrolides,3.309500441525685
2012,11,46,Nitrofurans,0.43764129469314617
2012,11,46,Penicillins,3.874031815745246
2012,11,46,Quinolones,1.263721608344706
2012,11,46,Tetracyclines,0.8183115332723916
2012,11,47,Macrolides,2.8356048383964203
2012,11,47,Nitrofurans,0.3729014582000772
2012,11,47,Penicillins,3.317269221904853
2012,11,47,Quinolones,1.134241935358568
2012,11,47,Tetracyclines,0.6629359256890262
2012,11,48,Macrolides,3.8662630353660776
2012,11,48,Nitrofurans,0.396207799337582
2012,11,48,Penicillins,4.412667255367579
2012,11,48,Quinolones,1.3206926644586068
2012,11,48,Tetracyclines,0.833849094030728
2012,12,49,Macrolides,3.9014557099297025
2012,12,49,Nitrofurans,0.4133654839820875
2012,12,49,Penicillins,4.475574437682601
2012,12,49,Quinolones,1.2987841441165588
2012,12,49,Tetracyclines,0.7859047473239688
2012,12,50,Macrolides,4.245926946581442
2012,12,50,Nitrofurans,0.4057105676120488
2012,12,50,Penicillins,4.710325206363787
2012,12,50,Quinolones,1.4340209999872418
2012,12,50,Tetracyclines,0.9236932419846646
2012,12,51,Macrolides,4.559778517753027
2012,12,51,Nitrofurans,0.38784909608195867
2012,12,51,Penicillins,5.026728416325385
2012,12,51,Quinolones,1.5743611334379506
2012,12,51,Tetracyclines,0.8471440782842782
2012,12,52,Macrolides,3.4804353095775764
2012,12,52,Nitrofurans,0.3215064875416236
2012,12,52,Penicillins,3.8682844056595345
2012,12,52,Quinolones,1.1431341779257729
2012,12,52,Tetracyclines,0.515431035582603
2013,1,1,Macrolides,4.015505014317579
2013,1,1,Nitrofurans,0.44813643602409303
2013,1,1,Penicillins,4.172479359139578
2013,1,1,Quinolones,1.3368137752583114
2013,1,1,Tetracyclines,0.6937253303423814
2013,1,2,Macrolides,4.276284974263803
2013,1,2,Nitrofurans,0.45573196883806066
2013,1,2,Penicillins,4.716825877473928
2013,1,2,Quinolones,1.4634059888244393
2013,1,2,Tetracyclines,0.8177856996371867
2013,1,3,Macrolides,3.506604315781745
2013,1,3,Nitrofurans,0.339267132357223
2013,1,3,Penicillins,4.083864809643289
2013,1,3,Quinolones,1.2912405783745051
2013,1,3,Tetracyclines,0.7215756173269295
2013,1,4,Macrolides,3.7167473903015176
2013,1,4,Nitrofurans,0.4506682802954156
2013,1,4,Penicillins,4.395281655015963
2013,1,4,Quinolones,1.4228964804832784
2013,1,4,Tetracyclines,0.8355086095364447
2013,1,5,Macrolides,3.6939607918596145
2013,1,5,Nitrofurans,0.3797766406983839
2013,1,5,Penicillins,4.167415670596933
2013,1,5,Quinolones,1.38491881641344
2013,1,5,Tetracyclines,0.8836136506915732
2013,2,6,Macrolides,3.0491480469377916
2013,2,6,Nitrofurans,0.3767481112361357
2013,2,6,Penicillins,3.787574344960617
2013,2,6,Quinolones,1.2106172641054491
2013,2,6,Tetracyclines,0.6279135187268927
2013,2,7,Macrolides,3.0240315061887153
2013,2,7,Nitrofurans,0.41442292235974926
2013,2,7,Penicillins,3.52636232117023
2013,2,7,Quinolones,1.1503375663076676
2013,2,7,Tetracyclines,0.7233563735733805
2013,2,8,Macrolides,3.214917215881691
2013,2,8,Nitrofurans,0.4093996142099341
2013,2,8,Penicillins,4.066367947275357
2013,2,8,Quinolones,1.1930356855810962
2013,2,8,Tetracyclines,0.7660544928468093
2013,2,9,Macrolides,3.169707442533355
2013,2,9,Nitrofurans,0.5048424690564217
2013,2,9,Penicillins,4.043763060601189
2013,2,9,Quinolones,1.3738747789744414
2013,2,9,Tetracyclines,0.7183330654235653
2013,3,10,Macrolides,3.079179622160047
2013,3,10,Nitrofurans,0.464639665660366
2013,3,10,Penicillins,3.915531020348706
2013,3,10,Quinolones,1.084996408460963
2013,3,10,Tetracyclines,0.7208193732136489
2013,3,11,Macrolides,3.327824632432351
2013,3,11,Nitrofurans,0.41691991621416624
2013,3,11,Penicillins,4.337474068083525
2013,3,11,Quinolones,1.2582944459234775
2013,3,11,Tetracyclines,0.7836085172218064
2013,3,12,Macrolides,3.2399198308209303
2013,3,12,Nitrofurans,0.4345008765364504
2013,3,12,Penicillins,4.282219621356346
2013,3,12,Quinolones,1.2507597486424986
2013,3,12,Tetracyclines,0.8815595818745322
2013,3,13,Macrolides,3.169595989531794
2013,3,13,Nitrofurans,0.3867811270902506
2013,3,13,Penicillins,4.2194304773481885
2013,3,13,Quinolones,1.285921669287067
2013,3,13,Tetracyclines,0.8162588721060483
2013,4,14,Macrolides,3.313801271661887
2013,4,14,Nitrofurans,0.4114200224410921
2013,4,14,Penicillins,4.45331006108964
2013,4,14,Quinolones,1.2816357062710386
2013,4,14,Tetracyclines,0.8128662261563396
2013,4,15,Macrolides,3.074429622241616
2013,4,15,Nitrofurans,0.33412292731579607
2013,4,15,Penicillins,3.760129659643436
2013,4,15,Quinolones,1.2517142500935046
2013,4,15,Tetracyclines,0.7480364044383493
2013,4,16,Macrolides,2.540830320408926
2013,4,16,Nitrofurans,0.3690312928562523
2013,4,16,Penicillins,3.5731205585338484
2013,4,16,Quinolones,1.074678967709762
2013,4,16,Tetracyclines,0.7455429497568882
2013,4,17,Macrolides,3.0569754394713877
2013,4,17,Nitrofurans,0.34659020072310187
2013,4,17,Penicillins,3.485849644682708
2013,4,17,Quinolones,1.271661887545194
2013,4,17,Tetracyclines,0.8053858621119561
2013,4,18,Macrolides,2.792669243236504
2013,4,18,Nitrofurans,0.3889789303079416
2013,4,18,Penicillins,3.470888916593941
2013,4,18,Quinolones,1.2517142500935046
2013,4,18,Tetracyclines,0.7779578606158832
2013,5,19,Macrolides,3.001521933528121
2013,5,19,Nitrofurans,0.4159785584225695
2013,5,19,Penicillins,3.5171360748063956
2013,5,19,Quinolones,1.2554083439818864
2013,5,19,Tetracyclines,0.7921028837028568
2013,5,20,Macrolides,3.210756657525102
2013,5,20,Nitrofurans,0.39854233142282103
2013,5,20,Penicillins,3.5520085288058927
2013,5,20,Quinolones,1.4073526078368368
2013,5,20,Tetracyclines,0.9340835892722368
2013,5,21,Macrolides,2.5058349088209875
2013,5,21,Nitrofurans,0.3013976381385084
2013,5,21,Penicillins,3.011485491813691
2013,5,21,Quinolones,1.140827423697825
2013,5,21,Tetracyclines,0.655103957276262
2013,5,22,Macrolides,2.986576596099765
2013,5,22,Nitrofurans,0.4359056749937105
2013,5,22,Penicillins,3.367682700522838
2013,5,22,Quinolones,1.3500621476948065
2013,5,22,Tetracyclines,0.7945937732742494
2013,6,23,Macrolides,2.7483313702394976
2013,6,23,Nitrofurans,0.414983127332727
2013,6,23,Penicillins,3.5459935491245593
2013,6,23,Quinolones,1.262343884341469
2013,6,23,Tetracyclines,0.8150566812283501
2013,6,24,Macrolides,2.7011177210220016
2013,6,24,Nitrofurans,0.38267905155233506
2013,6,24,Penicillins,3.339744449911288
2013,6,24,Quinolones,1.394045116369221
2013,6,24,Tetracyclines,0.7951772499788781
2013,6,25,Macrolides,2.6911780053972656
2013,6,25,Nitrofurans,0.41001326952035905
2013,6,25,Penicillins,3.2478020803824803
2013,6,25,Quinolones,1.4313190499619806
2013,6,25,Tetracyclines,0.8945744062262379
2013,6,26,Macrolides,2.6116602803993776
2013,6,26,Nitrofurans,0.4696515632687749
2013,6,26,Penicillins,3.1633144975722245
2013,6,26,Quinolones,1.4487135523052683
2013,6,26,Tetracyclines,0.8945744062262379
2013,7,27,Macrolides,2.1280236910050077
2013,7,27,Nitrofurans,0.43403746611407495
2013,7,27,Penicillins,2.514937089369554
2013,7,27,Quinolones,1.2450674742243752
2013,7,27,Tetracyclines,0.7490246558082894
2013,7,28,Macrolides,2.4950953766329107
2013,7,28,Nitrofurans,0.4489187506665575
2013,7,28,Penicillins,3.092826972824294
2013,7,28,Quinolones,1.5253316666294634
2013,7,28,Tetracyclines,0.7911882953736566
2013,7,29,Macrolides,2.4554119511596237
2013,7,29,Nitrofurans,0.4935626043240052
2013,7,29,Penicillins,2.9712964823123533
2013,7,29,Quinolones,1.4682867425116135
2013,7,29,Tetracyclines,0.8383123631231848
2013,7,30,Macrolides,2.5273381598299567
2013,7,30,Nitrofurans,0.4960428184160857
2013,7,30,Penicillins,2.914251558194503
2013,7,30,Quinolones,1.4434846015908094
2013,7,30,Tetracyclines,0.7688663685449328
2013,7,31,Macrolides,2.43060981023882
2013,7,31,Nitrofurans,0.43403746611407495
2013,7,31,Penicillins,2.857206634076653
2013,7,31,Quinolones,1.4112418183937636
2013,7,31,Tetracyclines,0.8531936476756674
2013,8,32,Macrolides,2.382389937106918
2013,8,32,Nitrofurans,0.4729559748427673
2013,8,32,Penicillins,2.80251572327044
2013,8,32,Quinolones,1.3937106918238995
2013,8,32,Tetracyclines,0.7672955974842768
2013,8,33,Macrolides,2.410062893081761
2013,8,33,Nitrofurans,0.45534591194968554
2013,8,33,Penicillins,2.8679245283018866
2013,8,33,Quinolones,1.3333333333333333
2013,8,33,Tetracyclines,0.7748427672955975
2013,8,34,Macrolides,2.40251572327044
2013,8,34,Nitrofurans,0.4125786163522012
2013,8,34,Penicillins,2.6893081761006288
2013,8,34,Quinolones,1.2754716981132077
2013,8,34,Tetracyclines,0.7597484276729559
2013,8,35,Macrolides,2.0679245283018868
2013,8,35,Nitrofurans,0.3798742138364779
2013,8,35,Penicillins,2.155974842767296
2013,8,35,Quinolones,1.061635220125786
2013,8,35,Tetracyclines,0.6490566037735849
2013,9,36,Macrolides,2.30555103883276
2013,9,36,Nitrofurans,0.43684124946304925
2013,9,36,Penicillins,2.4535916844841266
2013,9,36,Quinolones,1.113945186130776
2013,9,36,Tetracyclines,0.6479811867035231
2013,9,37,Macrolides,2.232744163922252
2013,9,37,Nitrofurans,0.407718499498846
2013,9,37,Penicillins,2.540959934376737
2013,9,37,Quinolones,1.0241500404078154
2013,9,37,Tetracyclines,0.6989459991408788
2013,9,38,Macrolides,2.4511647886537764
2013,9,38,Nitrofurans,0.4004378120077952
2013,9,38,Penicillins,2.625901288438996
2013,9,38,Quinolones,1.1018107069790244
2013,9,38,Tetracyclines,0.7183611657836811
2013,9,39,Macrolides,2.613766809287245
2013,9,39,Nitrofurans,0.38830333285604385
2013,9,39,Penicillins,2.9899356629915377
2013,9,39,Quinolones,1.0508458945416683
2013,9,39,Tetracyclines,0.6698232491766756
2013,10,40,Macrolides,2.619874929867778
2013,10,40,Nitrofurans,0.3900916715428126
2013,10,40,Penicillins,2.863080231261754
2013,10,40,Quinolones,1.1630510947850523
2013,10,40,Tetracyclines,0.7488796904309549
2013,10,41,Macrolides,2.369445708630417
2013,10,41,Nitrofurans,0.3949076181050695
2013,10,41,Penicillins,2.701746021426146
2013,10,41,Quinolones,0.9920849918249306
2013,10,41,Tetracyclines,0.6068092668443751
2013,10,42,Macrolides,2.6487706092413195
2013,10,42,Nitrofurans,0.4743707363823091
2013,10,42,Penicillins,3.205012437181997
2013,10,42,Quinolones,1.1148916291624829
2013,10,42,Tetracyclines,0.7223919843385417
2013,10,43,Macrolides,2.525963971903768
2013,10,43,Nitrofurans,0.41898735091635425
2013,10,43,Penicillins,3.08942971968783
2013,10,43,Quinolones,1.0835879765078127
2013,10,43,Tetracyclines,0.707944144651771
2013,10,44,Macrolides,2.593387223775365
2013,10,44,Nitrofurans,0.45992289669553826
2013,10,44,Penicillins,3.1568529715594273
2013,10,44,Quinolones,1.0980358161945836
2013,10,44,Tetracyclines,0.698312251527257
2013,11,45,Macrolides,2.7834830619276825
2013,11,45,Nitrofurans,0.4358221749212029
2013,11,45,Penicillins,3.4167495370894305
2013,11,45,Quinolones,1.15577151360319
2013,11,45,Tetracyclines,0.7801457716821532
2013,11,46,Macrolides,2.9014680706080083
2013,11,46,Nitrofurans,0.4430457468812228
2013,11,46,Penicillins,3.703284558170221
2013,11,46,Quinolones,1.1365086550431367
2013,11,46,Tetracyclines,0.7223571960019937
2013,11,47,Macrolides,2.846087352247855
2013,11,47,Nitrofurans,0.37803359924104335
2013,11,47,Penicillins,3.688837414250181
2013,11,47,Quinolones,1.2400465198034225
2013,11,47,Tetracyclines,0.7849614863221664
2013,11,48,Macrolides,2.2826487393663
2013,11,48,Nitrofurans,0.37321788460103006
2013,11,48,Penicillins,2.954440931648154
2013,11,48,Quinolones,0.9968529304827513
2013,11,48,Tetracyclines,0.6043721873216681
2013,12,49,Macrolides,2.887704884695164
2013,12,49,Nitrofurans,0.39236420968517555
2013,12,49,Penicillins,3.8399058325896753
2013,12,49,Quinolones,1.2201569935331678
2013,12,49,Tetracyclines,0.700992155108271
2013,12,50,Macrolides,2.8494254496039275
2013,12,50,Nitrofurans,0.4402135035492214
2013,12,50,Penicillins,3.682003162838325
2013,12,50,Quinolones,1.2751836814768205
2013,12,50,Tetracyclines,0.7033846198014733
2013,12,51,Macrolides,2.9499089667184237
2013,12,51,Nitrofurans,0.4138963919239962
2013,12,51,Penicillins,3.6556860512130993
2013,12,51,Quinolones,1.2177645288399657
2013,12,51,Tetracyclines,0.6124709614597863
2013,12,52,Macrolides,2.464238633998358
2013,12,52,Nitrofurans,0.32776766296871374
2013,12,52,Penicillins,3.0240753722076947
2013,12,52,Quinolones,0.9450235538149044
2013,12,52,Tetracyclines,0.478492938640458
2014,1,1,Macrolides,2.378600705230059
2014,1,1,Nitrofurans,0.3769497607084747
2014,1,1,Penicillins,2.657734388792663
2014,1,1,Quinolones,0.8970450001670031
2014,1,1,Tetracyclines,0.4723800798751771
2014,1,2,Macrolides,2.9941262638552892
2014,1,2,Nitrofurans,0.33162035910429105
2014,1,2,Penicillins,3.6191948543971906
2014,1,2,Quinolones,1.2429799071462997
2014,1,2,Tetracyclines,0.8087719549378033
2014,1,3,Macrolides,2.545603763771788
2014,1,3,Nitrofurans,0.3650209708126369
2014,1,3,Penicillins,3.31620359104291
2014,1,3,Quinolones,1.0664338166879
2014,1,3,Tetracyclines,0.6751695081044199
2014,1,4,Macrolides,2.7078353063551823
2014,1,4,Nitrofurans,0.3769497607084747
2014,1,4,Penicillins,3.2494023676262187
2014,1,4,Quinolones,1.142778072021262
2014,1,4,Tetracyclines,0.6966413299169278
2014,1,5,Macrolides,2.9297107984177653
2014,1,5,Nitrofurans,0.38172127666680983
2014,1,5,Penicillins,3.4760493756471367
2014,1,5,Quinolones,1.0735910906254027
2014,1,5,Tetracyclines,0.7181131517294359
2014,2,6,Macrolides,2.7572014522987667
2014,2,6,Nitrofurans,0.3555400677174328
2014,2,6,Penicillins,3.350553088489449
2014,2,6,Quinolones,1.05484735322788
2014,2,6,Tetracyclines,0.6663433057220759
2014,2,7,Macrolides,2.4887804740220294
2014,2,7,Nitrofurans,0.3178669479592942
2014,2,7,Penicillins,3.0915503901522468
2014,2,7,Quinolones,1.1207753128046225
2014,2,7,Tetracyclines,0.5862879262360315
2014,2,8,Macrolides,2.714819192570861
2014,2,8,Nitrofurans,0.3673129176418511
2014,2,8,Penicillins,3.4329630379603775
2014,2,8,Quinolones,1.1867032723813649
2014,2,8,Tetracyclines,0.6781161556464943
2014,2,9,Macrolides,2.686564352752257
2014,2,9,Nitrofurans,0.4332408772185936
2014,2,9,Penicillins,3.4612178777789815
2014,2,9,Quinolones,1.116066172834855
2014,2,9,Tetracyclines,0.7134347054197492
2014,3,10,Macrolides,2.8206420139101445
2014,3,10,Nitrofurans,0.4167392624892283
2014,3,10,Penicillins,3.654120538888601
2014,3,10,Quinolones,1.0524432222185596
2014,3,10,Tetracyclines,0.6663119281607436
2014,3,11,Macrolides,2.7476537814967767
2014,3,11,Nitrofurans,0.3814223758375988
2014,3,11,Penicillins,3.668247293549253
2014,3,11,Quinolones,1.101886863530841
2014,3,11,Tetracyclines,0.6616030099405263
2014,3,12,Macrolides,2.9171748374245987
2014,3,12,Nitrofurans,0.34139657096575204
2014,3,12,Penicillins,3.9084021227803336
2014,3,12,Quinolones,1.127785913742036
2014,3,12,Tetracyclines,0.63805841883944
2014,3,13,Macrolides,3.1432029119950275
2014,3,13,Nitrofurans,0.3767134576173816
2014,3,13,Penicillins,4.056733046717178
2014,3,13,Quinolones,1.1230769955218187
2014,3,13,Tetracyclines,0.7086921921426991
2014,4,14,Macrolides,2.938627534799844
2014,4,14,Nitrofurans,0.3690804058015702
2014,4,14,Penicillins,3.9687823383346066
2014,4,14,Quinolones,1.1562962080492232
2014,4,14,Tetracyclines,0.6143553590241327
2014,4,15,Macrolides,2.9876825254443564
2014,4,15,Nitrofurans,0.3994477809624589
2014,4,15,Penicillins,3.936079011238265
2014,4,15,Quinolones,1.1656400157910352
2014,4,15,Tetracyclines,0.7194731961195167
2014,4,16,Macrolides,2.448077628354719
2014,4,16,Nitrofurans,0.4111275406397238
2014,4,16,Penicillins,3.2750046135050725
2014,4,16,Quinolones,1.0885536019210869
2014,4,16,Tetracyclines,0.6564024938622863
2014,4,17,Macrolides,2.7564232838345117
2014,4,17,Nitrofurans,0.4671903870905952
2014,4,17,Penicillins,3.3941381622131743
2014,4,17,Quinolones,1.2427264296609832
2014,4,17,Tetracyclines,0.7381608116031404
2014,4,18,Macrolides,2.716712100931811
2014,4,18,Nitrofurans,0.4368230119297066
2014,4,18,Penicillins,3.3240596041495847
2014,4,18,Quinolones,1.1399445445010523
2014,4,18,Tetracyclines,0.7077934364422518
2014,5,19,Macrolides,2.613770048804352
2014,5,19,Nitrofurans,0.3540936251499656
2014,5,19,Penicillins,3.2380930194635016
2014,5,19,Quinolones,1.0413148055397017
2014,5,19,Tetracyclines,0.6732438004496057
2014,5,20,Macrolides,2.692975201798423
2014,5,20,Nitrofurans,0.40301445494042143
2014,5,20,Penicillins,3.391844198804934
2014,5,20,Quinolones,1.255634631288365
2014,5,20,Tetracyclines,0.7244941935634165
2014,5,21,Macrolides,2.1967782139238
2014,5,21,Nitrofurans,0.39369620164700125
2014,5,21,Penicillins,3.075023586828649
2014,5,21,Quinolones,1.0459739321864117
2014,5,21,Tetracyclines,0.6103455907190197
2014,5,22,Macrolides,2.627747428744482
2014,5,22,Nitrofurans,0.4006848916170664
2014,5,22,Penicillins,3.4151398320384843
2014,5,22,Quinolones,1.1694407883242286
2014,5,22,Tetracyclines,0.7105168136232862
2014,6,23,Macrolides,2.6818677874010266
2014,6,23,Nitrofurans,0.4086655676039659
2014,6,23,Penicillins,3.222885271785822
2014,6,23,Quinolones,1.1540158357907448
2014,6,23,Tetracyclines,0.7151647433069404
2014,6,24,Macrolides,2.396266282768709
2014,6,24,Nitrofurans,0.38776789653330856
2014,6,24,Penicillins,2.9140641326305525
2014,6,24,Quinolones,1.2515383007871457
2014,6,24,Tetracyclines,0.6756913646179209
2014,6,25,Macrolides,2.510042491931177
2014,6,25,Nitrofurans,0.4574268001021664
2014,6,25,Penicillins,2.9442496575103907
2014,6,25,Quinolones,1.1888452875751736
2014,6,25,Tetracyclines,0.6780133280702162
2014,6,26,Macrolides,2.347505050270509
2014,6,26,Nitrofurans,0.4086655676039659
2014,6,26,Penicillins,2.6911556412102073
2014,6,26,Quinolones,1.2143868855504214
2014,6,26,Tetracyclines,0.6710474377133303
2014,7,27,Macrolides,1.9432920480396636
2014,7,27,Nitrofurans,0.3640773884752114
2014,7,27,Penicillins,2.1450419384686024
2014,7,27,Quinolones,0.9948356665978708
2014,7,27,Tetracyclines,0.6469910279272866
2014,7,28,Macrolides,2.177507438077857
2014,7,28,Nitrofurans,0.4081377093734854
2014,7,28,Penicillins,2.68536061053691
2014,7,28,Quinolones,1.3357234124950432
2014,7,28,Tetracyclines,0.6516289564428943
2014,7,29,Macrolides,2.2076539734293075
2014,7,29,Nitrofurans,0.35712049570179977
2014,7,29,Penicillins,2.622748575576205
2014,7,29,Quinolones,1.2939820558545732
2014,7,29,Tetracyclines,0.6748185990209333
2014,7,30,Macrolides,2.1496798669842105
2014,7,30,Nitrofurans,0.4661118158185828
2014,7,30,Penicillins,2.279541865421228
2014,7,30,Quinolones,1.140930414839516
2014,7,30,Tetracyclines,0.7675771693330891
2014,7,31,Macrolides,2.0917057605391127
2014,7,31,Nitrofurans,0.4893014583966217
2014,7,31,Penicillins,2.4928865771391866
2014,7,31,Quinolones,1.173395914448771
2014,7,31,Tetracyclines,0.7119220271457957
2014,8,32,Macrolides,2.170398896971426
2014,8,32,Nitrofurans,0.3732230304759187
2014,8,32,Penicillins,2.4699282080540104
2014,8,32,Quinolones,1.236152712404317
2014,8,32,Tetracyclines,0.7250511101602244
2014,8,33,Macrolides,2.2131887985546523
2014,8,33,Nitrofurans,0.4611800503969952
2014,8,33,Penicillins,2.4937003756002474
2014,8,33,Quinolones,1.114914657918509
2014,8,33,Tetracyclines,0.727428326914848
2014,8,34,Macrolides,2.053915275994865
2014,8,34,Nitrofurans,0.44691674986925306
2014,8,34,Penicillins,2.555508011220463
2014,8,34,Quinolones,1.152950125992488
2014,8,34,Tetracyclines,0.7060333761232349
2014,8,35,Macrolides,1.790044216231636
2014,8,35,Nitrofurans,0.4183901488137689
2014,8,35,Penicillins,2.156135596443684
2014,8,35,Quinolones,1.0269576379974326
2014,8,35,Tetracyclines,0.6489801740122665
2014,9,36,Macrolides,2.1837466853844956
2014,9,36,Nitrofurans,0.4450072026938993
2014,9,36,Penicillins,2.4796535366603356
2014,9,36,Quinolones,1.231798287869195
2014,9,36,Tetracyclines,0.7959664914164075
2014,9,37,Macrolides,2.2250360134694964
2014,9,37,Nitrofurans,0.4473010542541771
2014,9,37,Penicillins,2.670043216163396
2014,9,37,Quinolones,1.167570444181416
2014,9,37,Tetracyclines,0.7065062805655721
2014,9,38,Macrolides,2.3856056226889444
2014,9,38,Nitrofurans,0.40601172616917613
2014,9,38,Penicillins,2.8787837081486782
2014,9,38,Quinolones,1.0964610458128037
2014,9,38,Tetracyclines,0.6904493196436272
2014,9,39,Macrolides,2.4865350913411692
2014,9,39,Nitrofurans,0.4404194995733437
2014,9,39,Penicillins,2.979713176800903
2014,9,39,Quinolones,1.101048748933359
2014,9,39,Tetracyclines,0.7133878352464056
2014,10,40,Macrolides,2.4320307798909573
2014,10,40,Nitrofurans,0.4604219470833865
2014,10,40,Penicillins,2.9084079429623824
2014,10,40,Quinolones,1.153334184278186
2014,10,40,Tetracyclines,0.6815156543462009
2014,10,41,Macrolides,2.4092376141937604
2014,10,41,Nitrofurans,0.4148356156889918
2014,10,41,Penicillins,2.8103973304644336
2014,10,41,Quinolones,1.0462063055013584
2014,10,41,Tetracyclines,0.6359293229518062
2014,10,42,Macrolides,2.4730584781459126
2014,10,42,Nitrofurans,0.4854944293503036
2014,10,42,Penicillins,3.01553582173921
2014,10,42,Quinolones,1.2171550482303386
2014,10,42,Tetracyclines,0.7362192520194745
2014,10,43,Macrolides,2.4890136941339507
2014,10,43,Nitrofurans,0.3920424499917945
2014,10,43,Penicillins,2.997301289181452
2014,10,43,Quinolones,1.0917926368957531
2014,10,43,Tetracyclines,0.77496763370471
2014,10,44,Macrolides,2.486734377564231
2014,10,44,Nitrofurans,0.4285115151073102
2014,10,44,Penicillins,2.9312011086595797
2014,10,44,Quinolones,1.2445068470669751
2014,10,44,Tetracyclines,0.722543352601156
2014,11,45,Macrolides,2.7601736003922355
2014,11,45,Nitrofurans,0.37226025531605805
2014,11,45,Penicillins,3.195990484664694
2014,11,45,Quinolones,1.021445822513574
2014,11,45,Tetracyclines,0.7218217145762589
2014,11,46,Macrolides,2.664838656957635
2014,11,46,Nitrofurans,0.4403566434836296
2014,11,46,Penicillins,3.4888049537852512
2014,11,46,Quinolones,1.196226552143674
2014,11,46,Tetracyclines,0.7399807514209447
2014,11,47,Macrolides,2.8464290254044924
2014,11,47,Nitrofurans,0.4721349579618297
2014,11,47,Penicillins,3.4388676024623654
2014,11,47,Quinolones,1.141749441609617
2014,11,47,Tetracyclines,0.712742196153916
2014,11,48,Macrolides,2.2471808095298624
2014,11,48,Nitrofurans,0.3654506164993009
2014,11,48,Penicillins,2.7488242023643066
2014,11,48,Quinolones,0.8875229257840165
2014,11,48,Tetracyclines,0.5129927908623726
2014,12,49,Macrolides,2.994481695463258
2014,12,49,Nitrofurans,0.4547428542844735
2014,12,49,Penicillins,3.6811434054328127
2014,12,49,Quinolones,1.1232148500826495
2014,12,49,Tetracyclines,0.6639245672553313
2014,12,50,Macrolides,2.964923409934767
2014,12,50,Nitrofurans,0.4047211403131814
2014,12,50,Penicillins,3.792555404732509
2014,12,50,Quinolones,1.2096159923966996
2014,12,50,Tetracyclines,0.7093988526837786
2014,12,51,Macrolides,3.2650536937625194
2014,12,51,Nitrofurans,0.4388268543845169
2014,12,51,Penicillins,4.038116546046124
2014,12,51,Quinolones,1.2346268493823451
2014,12,51,Tetracyclines,0.7253148525837352
2014,12,52,Macrolides,2.532917698364517
2014,12,52,Nitrofurans,0.3114988551848643
2014,12,52,Penicillins,3.285517122205321
2014,12,52,Quinolones,0.909485708568947
2014,12,52,Tetracyclines,0.5707022821270142
2015,1,1,Macrolides,2.69972118396738
2015,1,1,Nitrofurans,0.3560839147819044
2015,1,1,Penicillins,3.2699209167880765
2015,1,1,Quinolones,0.9728305645675558
2015,1,1,Tetracyclines,0.5841638079101831
2015,1,2,Macrolides,2.899872926916686
2015,1,2,Nitrofurans,0.41194021513985024
2015,1,2,Penicillins,3.7214260113481386
2015,1,2,Quinolones,1.168327615820366
2015,1,2,Tetracyclines,0.7075131378673134
2015,1,3,Macrolides,2.5856812374032407
2015,1,3,Nitrofurans,0.4212495985328411
2015,1,3,Penicillins,3.47240000558563
2015,1,3,Quinolones,1.1101439696141726
2015,1,3,Tetracyclines,0.6027825746961649
2015,1,4,Macrolides,2.3529466525784666
2015,1,4,Nitrofurans,0.3630659523266476
2015,1,4,Penicillins,3.3443959839320043
2015,1,4,Quinolones,0.9588664894780696
2015,1,4,Tetracyclines,0.5562356577312102
2015,1,5,Macrolides,2.4506951782048714
2015,1,5,Nitrofurans,0.31186434366519733
2015,1,5,Penicillins,3.1814817745546624
2015,1,5,Quinolones,1.0635970526492178
2015,1,5,Tetracyclines,0.6190739956338992
2015,2,6,Macrolides,2.237713080663113
2015,2,6,Nitrofurans,0.3702184992091852
2015,2,6,Penicillins,2.6477652158631595
2015,2,6,Quinolones,0.913830472731533
2015,2,6,Tetracyclines,0.5389256634057759
2015,2,7,Macrolides,2.092437467049382
2015,2,7,Nitrofurans,0.34678694862632536
2015,2,7,Penicillins,2.650108370921446
2015,2,7,Quinolones,0.8482221310995255
2015,2,7,Tetracyclines,0.5881319196297815
2015,2,8,Macrolides,2.347841368402554
2015,2,8,Nitrofurans,0.3749048093257571
2015,2,8,Penicillins,2.8375607755843246
2015,2,8,Quinolones,1.0333313807041182
2015,2,8,Tetracyclines,0.5881319196297815
2015,2,9,Macrolides,2.4439107257922794
2015,2,9,Nitrofurans,0.4147384453166188
2015,2,9,Penicillins,3.19606349950208
2015,2,9,Quinolones,1.0801944818698377
2015,2,9,Tetracyclines,0.6654560365532189
2015,3,10,Macrolides,2.63042525208242
2015,3,10,Nitrofurans,0.4080890240376095
2015,3,10,Penicillins,3.4326116764763497
2015,3,10,Quinolones,1.079686960739504
2015,3,10,Tetracyclines,0.5969759437350174
2015,3,11,Macrolides,2.6071058792802706
2015,3,11,Nitrofurans,0.4687193933231972
2015,3,11,Penicillins,3.661141529937411
2015,3,11,Quinolones,1.0097288423330566
2015,3,11,Tetracyclines,0.6272911283778112
2015,3,12,Macrolides,2.786665049856819
2015,3,12,Nitrofurans,0.41508483587825423
2015,3,12,Penicillins,3.866352010596323
2015,3,12,Quinolones,1.1239937690635873
2015,3,12,Tetracyclines,0.6692659994216796
2015,3,13,Macrolides,2.8542912309830513
2015,3,13,Nitrofurans,0.3637822157135262
2015,3,13,Penicillins,3.68446090273956
2015,3,13,Quinolones,1.154308953706381
2015,3,13,Tetracyclines,0.6599382503008199
2015,4,14,Macrolides,2.781512000204318
2015,4,14,Nitrofurans,0.3413040601252377
2015,4,14,Penicillins,3.85882549610983
2015,4,14,Quinolones,1.056417328959069
2015,4,14,Tetracyclines,0.6733209349409451
2015,4,15,Macrolides,2.786155592859083
2015,4,15,Nitrofurans,0.3389822637978551
2015,4,15,Penicillins,3.863469088764595
2015,4,15,Quinolones,1.1283930151079289
2015,4,15,Tetracyclines,0.6988606945421533
2015,4,16,Macrolides,2.3728758465849857
2015,4,16,Nitrofurans,0.29486813357758634
2015,4,16,Penicillins,3.364282878377342
2015,4,16,Quinolones,0.986763439137592
2015,4,16,Tetracyclines,0.6454593790123543
2015,4,17,Macrolides,2.5493323674660613
2015,4,17,Nitrofurans,0.40399256096456704
2015,4,17,Penicillins,3.5941407147882174
2015,4,17,Quinolones,1.098209662851955
2015,4,17,Tetracyclines,0.6501029716671194
2015,4,18,Macrolides,2.5307579968470004
2015,4,18,Nitrofurans,0.3854181903455065
2015,4,18,Penicillins,3.283020006918953
2015,4,18,Quinolones,1.0819570885602774
2015,4,18,Tetracyclines,0.6268850083932938
2015,5,19,Macrolides,2.4949456851495677
2015,5,19,Nitrofurans,0.3186033926575974
2015,5,19,Penicillins,3.183691254571139
2015,5,19,Quinolones,1.0120343060888388
2015,5,19,Tetracyclines,0.6817175534070651
2015,5,20,Macrolides,2.403581476960992
2015,5,20,Nitrofurans,0.3771701927784793
2015,5,20,Penicillins,2.8510318298845294
2015,5,20,Quinolones,1.1174545463064265
2015,5,20,Tetracyclines,0.6442348013297007
2015,5,21,Macrolides,2.155258244448453
2015,5,21,Nitrofurans,0.323288736667268
2015,5,21,Penicillins,2.9353680220585994
2015,5,21,Quinolones,0.9651808659921332
2015,5,21,Tetracyclines,0.63954945732003
2015,5,22,Macrolides,2.3286159728062636
2015,5,22,Nitrofurans,0.4193382888655143
2015,5,22,Penicillins,3.02438955824234
2015,5,22,Quinolones,1.0354610261371917
2015,5,22,Tetracyclines,0.6700041933828886
2015,6,23,Macrolides,2.5481809208453803
2015,6,23,Nitrofurans,0.387360835952686
2015,6,23,Penicillins,2.977544739009803
2015,6,23,Quinolones,1.106078531575742
2015,6,23,Tetracyclines,0.6533797232936871
2015,6,24,Macrolides,2.387169489033721
2015,6,24,Nitrofurans,0.4643663033408706
2015,6,24,Penicillins,2.823533804233434
2015,6,24,Quinolones,1.1037450325639788
2015,6,24,Tetracyclines,0.6907157074818979
2015,6,25,Macrolides,2.3521670038572737
2015,6,25,Nitrofurans,0.44803181025852834
2015,6,25,Penicillins,2.793198317080513
2015,6,25,Quinolones,1.080410042446347
2015,6,25,Tetracyclines,0.732718689693635
2015,6,26,Macrolides,2.198156069080905
2015,6,26,Nitrofurans,0.42002982211737033
2015,6,26,Penicillins,2.5411804238100903
2015,6,26,Quinolones,1.0757430444228209
2015,6,26,Tetracyclines,0.6417122282348713
2015,7,27,Macrolides,1.866130896422702
2015,7,27,Nitrofurans,0.43371132642989935
2015,7,27,Penicillins,2.288120295111253
2015,7,27,Quinolones,1.0033970146594429
2015,7,27,Tetracyclines,0.5814076159708921
2015,7,28,Macrolides,2.175589788794306
2015,7,28,Nitrofurans,0.4993541217814517
2015,7,28,Penicillins,2.318597307238759
2015,7,28,Quinolones,1.104205593235041
2015,7,28,Tetracyclines,0.6376728691293655
2015,7,29,Macrolides,2.1544903188598785
2015,7,29,Nitrofurans,0.4243337842368205
2015,7,29,Penicillins,2.466293596779752
2015,7,29,Quinolones,1.1065499787833109
2015,7,29,Tetracyclines,0.7525477609945821
2015,7,30,Macrolides,2.016171571511965
2015,7,30,Nitrofurans,0.47122149520221496
2015,7,30,Penicillins,2.560069018710541
2015,7,30,Quinolones,1.2120473284554485
2015,7,30,Tetracyclines,0.6470504113224445
2015,7,31,Macrolides,2.0021052582223464
2015,7,31,Nitrofurans,0.41261185649547183
2015,7,31,Penicillins,2.250610126338937
2015,7,31,Quinolones,1.1698483885865936
2015,7,31,Tetracyclines,0.719726363318806
2015,8,32,Macrolides,2.1851919968250586
2015,8,32,Nitrofurans,0.4694653902370558
2015,8,32,Penicillins,2.453803637630797
2015,8,32,Quinolones,1.2390014422751163
2015,8,32,Tetracyclines,0.6606394409005992
2015,8,33,Macrolides,2.2045513943606077
2015,8,33,Nitrofurans,0.3678285531754252
2015,8,33,Penicillins,2.216651017820326
2015,8,33,Quinolones,1.1809232496684705
2015,8,33,Tetracyclines,0.6412800433650505
2015,8,34,Macrolides,2.194871695592833
2015,8,34,Nitrofurans,0.4622056161612251
2015,8,34,Penicillins,2.3981453697160946
2015,8,34,Quinolones,1.1494642286732035
2015,8,34,Tetracyclines,0.6896785372039221
2015,8,35,Macrolides,2.148893126445905
2015,8,35,Nitrofurans,0.4670454655451122
2015,8,35,Penicillins,2.298928457346407
2015,8,35,Quinolones,1.195442797820132
2015,8,35,Tetracyclines,0.6678992149764299
2015,9,36,Macrolides,1.7101773000139606
2015,9,36,Nitrofurans,0.47466145469775234
2015,9,36,Penicillins,2.0778072502210434
2015,9,36,Quinolones,0.953976453069012
2015,9,36,Tetracyclines,0.5491181534738704
2015,9,37,Macrolides,2.0824607938945507
2015,9,37,Nitrofurans,0.41881893061566383
2015,9,37,Penicillins,2.440783656754619
2015,9,37,Quinolones,1.0121457489878545
2015,9,37,Tetracyclines,0.6468425706175253
2015,9,38,Macrolides,2.103401740425334
2015,9,38,Nitrofurans,0.47000791102424494
2015,9,38,Penicillins,2.571082879612825
2015,9,38,Quinolones,0.998185117967332
2015,9,38,Tetracyclines,0.625901624086742
2015,9,39,Macrolides,2.177858439201452
2015,9,39,Nitrofurans,0.43975987714644704
2015,9,39,Penicillins,2.5966773698171157
2015,9,39,Quinolones,1.1308111126622922
2015,9,39,Tetracyclines,0.6980315510261064
2015,10,40,Macrolides,2.417091895796483
2015,10,40,Nitrofurans,0.4723053129717265
2015,10,40,Penicillins,2.8940276530130298
2015,10,40,Quinolones,0.9747085135347884
2015,10,40,Tetracyclines,0.6690991933766125
2015,10,41,Macrolides,2.326798233022476
2015,10,41,Nitrofurans,0.4213704262786972
2015,10,41,Penicillins,2.6926033283633233
2015,10,41,Quinolones,1.0464803993295118
2015,10,41,Tetracyclines,0.6413165279076875
2015,10,42,Macrolides,2.653244552282346
2015,10,42,Nitrofurans,0.5070336448078829
2015,10,42,Penicillins,2.926440762726776
2015,10,42,Quinolones,1.097415286022541
2015,10,42,Tetracyclines,0.6459469721525083
2015,10,43,Macrolides,2.398570118817199
2015,10,43,Nitrofurans,0.4723053129717265
2015,10,43,Penicillins,3.134810753743714
2015,10,43,Quinolones,0.9561867365555052
2015,10,43,Tetracyclines,0.6690991933766125
2015,10,44,Macrolides,2.657874996527167
2015,10,44,Nitrofurans,0.5070336448078829
2015,10,44,Penicillins,3.100082421907558
2015,10,44,Quinolones,1.0812087311656682
2015,10,44,Tetracyclines,0.7223493021920523
2015,11,45,Macrolides,2.5164027906676085
2015,11,45,Nitrofurans,0.4640339091047608
2015,11,45,Penicillins,3.0266092280414996
2015,11,45,Quinolones,1.133535569007152
2015,11,45,Tetracyclines,0.752612210786826
2015,11,46,Macrolides,2.5648839453501955
2015,11,46,Nitrofurans,0.4086268751818043
2015,11,46,Penicillins,3.2089907147045653
2015,11,46,Quinolones,0.960388587997913
2015,11,46,Tetracyclines,0.7202914409984348
2015,11,47,Macrolides,2.537180428388717
2015,11,47,Nitrofurans,0.420170007249087
2015,11,47,Penicillins,3.058929997829891
2015,11,47,Quinolones,1.110449304872587
2015,11,47,Tetracyclines,0.7087483089311521
2015,11,48,Macrolides,2.12393630038
2015,11,48,Nitrofurans,0.3324422035377391
2015,11,48,Penicillins,2.539489054802174
2015,11,48,Quinolones,0.8449572673250869
2015,11,48,Tetracyclines,0.5148236902008043
2015,12,49,Macrolides,2.6865049927338
2015,12,49,Nitrofurans,0.4329298115468231
2015,12,49,Penicillins,3.5359834878229717
2015,12,49,Quinolones,1.1747608940351633
2015,12,49,Tetracyclines,0.7231097933403694
2015,12,50,Macrolides,2.7684106327561713
2015,12,50,Nitrofurans,0.493774001277728
2015,12,50,Penicillins,3.4938605872400377
2015,12,50,Quinolones,1.2051829889006156
2015,12,50,Tetracyclines,0.7722531773537925
2015,12,51,Macrolides,3.0913528705586666
2015,12,51,Nitrofurans,0.4376101338338158
2015,12,51,Penicillins,3.674052995289256
2015,12,51,Quinolones,1.165400249461178
2015,12,51,Tetracyclines,0.6903475373314207
2015,12,52,Macrolides,2.25123502004348
2015,12,52,Nitrofurans,0.36038481609843653
2015,12,52,Penicillins,2.9111604625094487
2015,12,52,Quinolones,0.8541588173761645
2015,12,52,Tetracyclines,0.5546181910086329
