organism,drugA,drugB,drugB_pheno,period,t,mean_deviate,sem
E. coli,CIP,AMC,NS,52,1,-0.0574361087183942,0.10751247781593737
E. coli,CIP,AMC,NS,52,2,0.10830265914771404,0.11192238865683833
E. coli,CIP,AMC,NS,52,3,-0.041867871306097336,0.11423702224330762
E. coli,CIP,AMC,NS,52,4,-0.007294087737087038,0.1104665666970957
E. coli,CIP,AMC,NS,52,5,-0.08367393389645585,0.10942319061219853
E. coli,CIP,AMC,NS,52,6,0.08060951720067738,0.10809302584109079
E. coli,CIP,AMC,NS,52,7,0.020124431206825024,0.11336144566568694
E. coli,CIP,AMC,NS,52,8,0.054634765064863366,0.11377141737468048
E. coli,CIP,AMC,NS,52,9,0.037224364534078194,0.10596853579125542
E. coli,CIP,AMC,NS,52,10,0.250344459516695,0.10717981035650292
E. coli,CIP,AMC,NS,52,11,-0.002702642511364485,0.10337305335823342
E. coli,CIP,AMC,NS,52,12,0.046494950709213945,0.10891978372043555
E. coli,CIP,AMC,NS,52,13,0.0483821492068281,0.10762004520533312
E. coli,CIP,AMC,NS,52,14,0.15374922729963106,0.10902769412370267
E. coli,CIP,AMC,NS,52,15,0.03598617377461143,0.10323675789790263
E. coli,CIP,AMC,NS,52,16,-0.019899527196605687,0.10601955301814145
E. coli,CIP,AMC,NS,52,17,-0.15346284425334125,0.10552261110330573
E. coli,CIP,AMC,NS,52,18,0.1630990218019652,0.10409684345203785
E. coli,CIP,AMC,NS,52,19,0.07055273004301453,0.10008073673741151
E. coli,CIP,AMC,NS,52,20,0.09248535988864799,0.10329823037236557
E. coli,CIP,AMC,NS,52,21,0.023938642675831078,0.10672325603006168
E. coli,CIP,AMC,NS,52,22,0.03860875204862777,0.10653448448095285
E. coli,CIP,AMC,NS,52,23,0.04077198603907269,0.10513654403699237
E. coli,CIP,AMC,NS,52,24,-0.012055841451021761,0.10176250014810777
E. coli,CIP,AMC,NS,52,25,0.016318117659628935,0.1032737007960805
E. coli,CIP,AMC,NS,52,26,-0.17981500856020663,0.10171603660588442
E. coli,CIP,AMC,NS,52,27,0.1789778897672796,0.10584425586760522
E. coli,CIP,AMC,NS,52,28,-0.04737387782567048,0.10113285562726096
E. coli,CIP,AMC,NS,52,29,0.036734809334787705,0.10051474111929108
E. coli,CIP,AMC,NS,52,30,0.02129098163683917,0.10213417382503791
E. coli,CIP,AMC,NS,52,31,-0.0671190795908896,0.09665770054576117
E. coli,CIP,AMC,NS,52,32,-0.12025816863090358,0.097772749917849
E. coli,CIP,AMC,NS,52,33,-0.06951598927171423,0.10172484547837421
E. coli,CIP,AMC,NS,52,34,0.02764788028347284,0.09577823631373512
E. coli,CIP,AMC,NS,52,35,-0.10051651454739266,0.09430677142599543
E. coli,CIP,AMC,NS,52,36,0.009739168926404059,0.0948081305654342
E. coli,CIP,AMC,NS,52,37,-0.04619891281616285,0.09200059451333838
E. coli,CIP,AMC,NS,52,38,-0.08996678263998155,0.09847400391390679
E. coli,CIP,AMC,NS,52,39,-0.036542147561926946,0.09778926379554688
E. coli,CIP,AMC,NS,52,40,0.06941641189015736,0.09367013124308057
E. coli,CIP,AMC,NS,52,41,-0.08838840312614255,0.10621079188454881
E. coli,CIP,AMC,NS,52,42,0.0053958284136675925,0.09606670228238928
E. coli,CIP,AMC,NS,52,43,-0.12931193404973396,0.09864525474888616
E. coli,CIP,AMC,NS,52,44,-0.16923886481703138,0.09834531630991428
E. coli,CIP,AMC,NS,52,45,0.12291370608665221,0.10480747078813842
E. coli,CIP,AMC,NS,52,46,-0.0020251444978965504,0.10085300700674729
E. coli,CIP,AMC,NS,52,47,-0.09473947037983141,0.10433265207520365
E. coli,CIP,AMC,NS,52,48,-0.00852262479508645,0.11161103692877707
E. coli,CIP,AMC,NS,52,49,-0.1855779243536402,0.09758407549848268
E. coli,CIP,AMC,NS,52,50,0.03567447610346288,0.0968779210503257
E. coli,CIP,AMC,NS,52,51,-0.014324954206310405,0.09632050442387548
E. coli,CIP,AMC,NS,52,52,0.022523385068054215,0.11447424056346957
E. coli,CIP,AMC,S,52,1,-0.022200519819187244,0.038070638053184926
E. coli,CIP,AMC,S,52,2,0.048518258102492176,0.037458376384114256
E. coli,CIP,AMC,S,52,3,0.05133716814465638,0.040230747396443625
E. coli,CIP,AMC,S,52,4,0.07242268393530789,0.038791954291961514
E. coli,CIP,AMC,S,52,5,-0.008997604765213042,0.03751082406825687
E. coli,CIP,AMC,S,52,6,-0.010604302515309487,0.038457431519526554
E. coli,CIP,AMC,S,52,7,0.06448910517878323,0.04055502015209918
E. coli,CIP,AMC,S,52,8,0.04748512623160095,0.03903341892474657
E. coli,CIP,AMC,S,52,9,0.030778609951428493,0.03769830228015435
E. coli,CIP,AMC,S,52,10,0.03627373896840633,0.038685170423926246
E. coli,CIP,AMC,S,52,11,0.019657165248950077,0.03837914538438156
E. coli,CIP,AMC,S,52,12,0.10781026642647423,0.0398103938375038
E. coli,CIP,AMC,S,52,13,0.07658690048109272,0.039634097523078275
E. coli,CIP,AMC,S,52,14,0.005527085996013198,0.03826050069348571
E. coli,CIP,AMC,S,52,15,0.06327552397363648,0.03920264538127614
E. coli,CIP,AMC,S,52,16,0.05602052283469024,0.03954445689787059
E. coli,CIP,AMC,S,52,17,0.031042706270987187,0.03873354774189069
E. coli,CIP,AMC,S,52,18,0.014033136283379911,0.03685608786696596
E. coli,CIP,AMC,S,52,19,0.020786056902704502,0.036779265103895356
E. coli,CIP,AMC,S,52,20,0.03328660947687779,0.03726583565458006
E. coli,CIP,AMC,S,52,21,0.07810119313496498,0.0395507694877621
E. coli,CIP,AMC,S,52,22,0.0691897738401294,0.037822874886076274
E. coli,CIP,AMC,S,52,23,0.032306086752733325,0.03580268238608639
E. coli,CIP,AMC,S,52,24,-0.016078537864055224,0.03595248819666463
E. coli,CIP,AMC,S,52,25,0.05093045029332614,0.0375072515329895
E. coli,CIP,AMC,S,52,26,-0.038188545334047475,0.035052141510743366
E. coli,CIP,AMC,S,52,27,0.0073881077095774945,0.0391133910650533
E. coli,CIP,AMC,S,52,28,0.028185012124705904,0.034853563189884924
E. coli,CIP,AMC,S,52,29,0.01943672894597361,0.0361278626137521
E. coli,CIP,AMC,S,52,30,-0.05605701417055608,0.03471494062323859
E. coli,CIP,AMC,S,52,31,-0.060518128596951014,0.03430972511765016
E. coli,CIP,AMC,S,52,32,-0.07909903096989143,0.03333249688444254
E. coli,CIP,AMC,S,52,33,-0.082931787482399,0.034269432041252275
E. coli,CIP,AMC,S,52,34,-0.053382368166646876,0.03594267299055718
E. coli,CIP,AMC,S,52,35,-0.049607260321722996,0.0359787014826416
E. coli,CIP,AMC,S,52,36,-0.12372904802594585,0.03367750036942194
E. coli,CIP,AMC,S,52,37,-0.08381264568953692,0.03332445731317848
E. coli,CIP,AMC,S,52,38,-0.08804577582766614,0.033439523064491695
E. coli,CIP,AMC,S,52,39,-0.05013294680585385,0.03370018517936426
E. coli,CIP,AMC,S,52,40,-0.05766308227373223,0.03416099525552923
E. coli,CIP,AMC,S,52,41,0.01609235980857246,0.0361130936032461
E. coli,CIP,AMC,S,52,42,0.01479339395398659,0.034976972314527136
E. coli,CIP,AMC,S,52,43,0.023531846136722476,0.03618147988426176
E. coli,CIP,AMC,S,52,44,-0.03504957458731117,0.03638255909611399
E. coli,CIP,AMC,S,52,45,-0.01151491652524719,0.035849463421891103
E. coli,CIP,AMC,S,52,46,-0.058162022042718926,0.03509165994385214
E. coli,CIP,AMC,S,52,47,-0.03391946229797909,0.03779745788663661
E. coli,CIP,AMC,S,52,48,-0.06511603071080385,0.03663869615735886
E. coli,CIP,AMC,S,52,49,-0.04033210125938827,0.03595989056792027
E. coli,CIP,AMC,S,52,50,0.048925532731905974,0.03717909461890109
E. coli,CIP,AMC,S,52,51,-0.02533680407491957,0.036630755331093084
E. coli,CIP,AMC,S,52,52,-0.040099599683893525,0.04205621541073196
E. coli,CIP,AMP,NS,52,1,0.03014878058889521,0.05806741730558741
E. coli,CIP,AMP,NS,52,2,0.08762113815762154,0.05654881694812943
E. coli,CIP,AMP,NS,52,3,-0.022761990525265677,0.059243341946455336
E. coli,CIP,AMP,NS,52,4,0.009175443989995275,0.05744337935436733
E. coli,CIP,AMP,NS,52,5,-0.03536110397175054,0.05551415573172249
E. coli,CIP,AMP,NS,52,6,2.2080851937794751e-4,0.057550539177631525
E. coli,CIP,AMP,NS,52,7,0.11537201139341083,0.05939016261272926
E. coli,CIP,AMP,NS,52,8,-0.020567618659776653,0.057317702158088346
E. coli,CIP,AMP,NS,52,9,-0.03164504503844106,0.05605988043772024
E. coli,CIP,AMP,NS,52,10,0.10890001516901304,0.05581894539443702
E. coli,CIP,AMP,NS,52,11,-0.04209790191217457,0.055599994622851485
E. coli,CIP,AMP,NS,52,12,0.0794805274442821,0.05654034471898166
E. coli,CIP,AMP,NS,52,13,0.10382622900194283,0.05676800528491547
E. coli,CIP,AMP,NS,52,14,0.05747283755008566,0.05663750673924141
E. coli,CIP,AMP,NS,52,15,0.07306183937373914,0.05605107981811325
E. coli,CIP,AMP,NS,52,16,0.04017149428530681,0.0560185640509448
E. coli,CIP,AMP,NS,52,17,-0.005305468673426061,0.05649262146594842
E. coli,CIP,AMP,NS,52,18,0.007363096675120245,0.054907209060231964
E. coli,CIP,AMP,NS,52,19,0.0338179165664579,0.055521538628572925
E. coli,CIP,AMP,NS,52,20,0.04040036678200772,0.05513787830494778
E. coli,CIP,AMP,NS,52,21,0.12965737806137864,0.05793824132863213
E. coli,CIP,AMP,NS,52,22,0.033830540644249486,0.05501217303222312
E. coli,CIP,AMP,NS,52,23,0.03616636035245425,0.054239417311699595
E. coli,CIP,AMP,NS,52,24,-0.02264513983985576,0.054186414218499346
E. coli,CIP,AMP,NS,52,25,0.062447845859513955,0.055761871917658676
E. coli,CIP,AMP,NS,52,26,-0.07008486077935044,0.054227576408126664
E. coli,CIP,AMP,NS,52,27,0.013555762490367173,0.058127101941087646
E. coli,CIP,AMP,NS,52,28,-0.05317440704011709,0.05276229573416318
E. coli,CIP,AMP,NS,52,29,0.02001072590256067,0.054739426098731316
E. coli,CIP,AMP,NS,52,30,0.04419703836881838,0.055281351377236644
E. coli,CIP,AMP,NS,52,31,-0.04473855526661166,0.05369399571315946
E. coli,CIP,AMP,NS,52,32,-0.09559958926899619,0.0529222653093909
E. coli,CIP,AMP,NS,52,33,-0.021608806707158496,0.056669931443045066
E. coli,CIP,AMP,NS,52,34,0.014141005893005825,0.05554446423365861
E. coli,CIP,AMP,NS,52,35,-0.06398588746970639,0.05422296319931223
E. coli,CIP,AMP,NS,52,36,-0.09824749190018364,0.053905199602120285
E. coli,CIP,AMP,NS,52,37,-0.09809932127505316,0.05182212365199211
E. coli,CIP,AMP,NS,52,38,-0.08224951661064282,0.05274480156992366
E. coli,CIP,AMP,NS,52,39,0.01747741481777378,0.052726459591694544
E. coli,CIP,AMP,NS,52,40,-0.04056381439443463,0.05257622093968907
E. coli,CIP,AMP,NS,52,41,-0.057539151683679395,0.054073403770664503
E. coli,CIP,AMP,NS,52,42,-0.013798417915934445,0.051290237889820796
E. coli,CIP,AMP,NS,52,43,0.01770374440854788,0.05302966049732707
E. coli,CIP,AMP,NS,52,44,-0.07260236352082423,0.053599991489085584
E. coli,CIP,AMP,NS,52,45,0.01649636094360586,0.05548216817076793
E. coli,CIP,AMP,NS,52,46,-0.03858902688139085,0.053609648944188945
E. coli,CIP,AMP,NS,52,47,-0.09260379765546957,0.05604278598375328
E. coli,CIP,AMP,NS,52,48,-0.028225665627495133,0.05816975598748595
E. coli,CIP,AMP,NS,52,49,-0.041596453354498596,0.055302040575682936
E. coli,CIP,AMP,NS,52,50,0.052661789796690714,0.05360655067446953
E. coli,CIP,AMP,NS,52,51,-0.044152897237798104,0.05328971217567481
E. coli,CIP,AMP,NS,52,52,-0.0026013872195064553,0.06317195420678741
E. coli,CIP,AMP,S,52,1,-0.06093086295969123,0.02304860620198252
E. coli,CIP,AMP,S,52,2,-0.01508242616679692,0.024559067358806697
E. coli,CIP,AMP,S,52,3,0.050870068332568436,0.029482952566480904
E. coli,CIP,AMP,S,52,4,0.06329138430779326,0.029184708003518477
E. coli,CIP,AMP,S,52,5,-7.688598069085786e-4,0.026957270975474516
E. coli,CIP,AMP,S,52,6,0.03498853637713631,0.02859763563587417
E. coli,CIP,AMP,S,52,7,0.01621422682913206,0.028772739263197643
E. coli,CIP,AMP,S,52,8,0.010245437485264844,0.02763400551725772
E. coli,CIP,AMP,S,52,9,0.08813063003385758,0.030634727894204652
E. coli,CIP,AMP,S,52,10,-0.009717937703730204,0.02682072456005647
E. coli,CIP,AMP,S,52,11,0.05162567399796075,0.029209075014653998
E. coli,CIP,AMP,S,52,12,0.035191268696280927,0.028472058467594947
E. coli,CIP,AMP,S,52,13,0.04074301544280064,0.028747060116786006
E. coli,CIP,AMP,S,52,14,0.0038841945748253437,0.026385806943143884
E. coli,CIP,AMP,S,52,15,0.018792308477809824,0.027743013424485336
E. coli,CIP,AMP,S,52,16,-0.0022252092137238066,0.02779676308705207
E. coli,CIP,AMP,S,52,17,0.01380420841662381,0.027373086111081805
E. coli,CIP,AMP,S,52,18,0.012951606762646955,0.026848726377848672
E. coli,CIP,AMP,S,52,19,0.031588648560659315,0.028254674377790338
E. coli,CIP,AMP,S,52,20,0.007493169981525126,0.026820698955914563
E. coli,CIP,AMP,S,52,21,0.01866777085107198,0.027556228635502975
E. coli,CIP,AMP,S,52,22,0.004507804910769511,0.02701931639457213
E. coli,CIP,AMP,S,52,23,-0.02891929344622193,0.024313598397783912
E. coli,CIP,AMP,S,52,24,-0.027902800243537022,0.02510330785555029
E. coli,CIP,AMP,S,52,25,0.024531374802795925,0.027338246182934102
E. coli,CIP,AMP,S,52,26,-0.03374503514218903,0.024433563997668446
E. coli,CIP,AMP,S,52,27,0.051242732006248626,0.03077606995746062
E. coli,CIP,AMP,S,52,28,0.050321459911102165,0.027357131980446533
E. coli,CIP,AMP,S,52,29,0.019035213901460252,0.026714464852436424
E. coli,CIP,AMP,S,52,30,-0.03783290952173387,0.024147764721521543
E. coli,CIP,AMP,S,52,31,-0.05622723139831527,0.022794949568962865
E. coli,CIP,AMP,S,52,32,-0.02161305675689662,0.024471963059902034
E. coli,CIP,AMP,S,52,33,-0.03148416188961088,0.0238981905530293
E. coli,CIP,AMP,S,52,34,-0.00687058294016221,0.025252590713441096
E. coli,CIP,AMP,S,52,35,-0.04736915837820673,0.024557497930688843
E. coli,CIP,AMP,S,52,36,-0.010916011492458095,0.02580940720983202
E. coli,CIP,AMP,S,52,37,-0.019848750013181024,0.02453038637405067
E. coli,CIP,AMP,S,52,38,-0.0787976192583301,0.02155461353364227
E. coli,CIP,AMP,S,52,39,-0.03361311481989453,0.023786169427871044
E. coli,CIP,AMP,S,52,40,-0.02780454234022256,0.024784898736013004
E. coli,CIP,AMP,S,52,41,0.0025401078535876804,0.02656235554281991
E. coli,CIP,AMP,S,52,42,0.003076019549290973,0.0261046900114481
E. coli,CIP,AMP,S,52,43,0.00332921393937654,0.026488720230663274
E. coli,CIP,AMP,S,52,44,-0.0297076150815992,0.026111335546872914
E. coli,CIP,AMP,S,52,45,0.01660332858032405,0.027337112209447276
E. coli,CIP,AMP,S,52,46,-0.028155219578194477,0.025468959597581303
E. coli,CIP,AMP,S,52,47,-0.00248225077541253,0.028276613582134628
E. coli,CIP,AMP,S,52,48,-0.02403760537832746,0.026383008366825854
E. coli,CIP,AMP,S,52,49,-0.01978178303948,0.025933262736951877
E. coli,CIP,AMP,S,52,50,0.0010576704476790246,0.0273522309189173
E. coli,CIP,AMP,S,52,51,0.0013683693929372866,0.02798155390960804
E. coli,CIP,AMP,S,52,52,-0.02444343917894116,0.030214077157197147
E. coli,NIT,AMC,NS,52,1,0.010858354628294788,0.05548286633041577
E. coli,NIT,AMC,NS,52,2,-0.04474723853755738,0.0567071067463612
E. coli,NIT,AMC,NS,52,3,-0.0352267951466531,0.046462440718819206
E. coli,NIT,AMC,NS,52,4,0.10053829606374866,0.06470609457197006
E. coli,NIT,AMC,NS,52,5,0.0774951087440485,0.061742317768354246
E. coli,NIT,AMC,NS,52,6,0.10703962515338933,0.0610884864045728
E. coli,NIT,AMC,NS,52,7,0.08300630437271025,0.063876742759053
E. coli,NIT,AMC,NS,52,8,0.08281157999539175,0.06757885397566998
E. coli,NIT,AMC,NS,52,9,0.03712800084804559,0.05585862744283192
E. coli,NIT,AMC,NS,52,10,0.011933550144578108,0.05318681945685728
E. coli,NIT,AMC,NS,52,11,0.03309192049741235,0.05145325717309716
E. coli,NIT,AMC,NS,52,12,-0.022481853670140214,0.051545153616649984
E. coli,NIT,AMC,NS,52,13,0.008495710407118655,0.057752373525006624
E. coli,NIT,AMC,NS,52,14,0.06697968607873658,0.05709804007900387
E. coli,NIT,AMC,NS,52,15,-0.023582094697750133,0.04992931693292265
E. coli,NIT,AMC,NS,52,16,-0.02779998198710165,0.04840559003161981
E. coli,NIT,AMC,NS,52,17,-0.034942690894423686,0.052567302872193404
E. coli,NIT,AMC,NS,52,18,0.028608422786346555,0.05484366998361409
E. coli,NIT,AMC,NS,52,19,0.10698221799449746,0.05956910507355437
E. coli,NIT,AMC,NS,52,20,0.09967189473956498,0.058944918126499386
E. coli,NIT,AMC,NS,52,21,0.07650320507933196,0.06098485672838837
E. coli,NIT,AMC,NS,52,22,-0.02923274279874076,0.052635430118818126
E. coli,NIT,AMC,NS,52,23,0.01732160382249365,0.05910377225406261
E. coli,NIT,AMC,NS,52,24,-0.03429953955769819,0.04786006395107604
E. coli,NIT,AMC,NS,52,25,-0.015879087727918618,0.05417805361701812
E. coli,NIT,AMC,NS,52,26,-0.005815303448503261,0.05261096617956669
E. coli,NIT,AMC,NS,52,27,-0.01830998977347559,0.04861842284629852
E. coli,NIT,AMC,NS,52,28,-0.0759115809447122,0.04920184293630839
E. coli,NIT,AMC,NS,52,29,0.0293458268489496,0.055529524974709
E. coli,NIT,AMC,NS,52,30,-0.03710535332022928,0.04794609555207995
E. coli,NIT,AMC,NS,52,31,-0.059393395293860306,0.045500933208463525
E. coli,NIT,AMC,NS,52,32,0.01585116682384695,0.049322188638363476
E. coli,NIT,AMC,NS,52,33,-0.027613765641009626,0.050222069295248833
E. coli,NIT,AMC,NS,52,34,-0.15017541579644583,0.03903247482011059
E. coli,NIT,AMC,NS,52,35,-0.13112387317633206,0.04018022721119471
E. coli,NIT,AMC,NS,52,36,0.0547043272025753,0.05596229296478101
E. coli,NIT,AMC,NS,52,37,-0.12231097606117394,0.03893746344245577
E. coli,NIT,AMC,NS,52,38,-0.09957701382477922,0.04454772994356449
E. coli,NIT,AMC,NS,52,39,-0.0033657293795545016,0.04499956913802797
E. coli,NIT,AMC,NS,52,40,-0.00808322978561472,0.052292898919443845
E. coli,NIT,AMC,NS,52,41,-0.0798308796160149,0.04693843898445024
E. coli,NIT,AMC,NS,52,42,0.05200979104671076,0.05477306483337425
E. coli,NIT,AMC,NS,52,43,-0.0034722155104527862,0.0507649576121092
E. coli,NIT,AMC,NS,52,44,-0.01247759683818595,0.05257998203825302
E. coli,NIT,AMC,NS,52,45,-0.00462850431464803,0.055200789220571964
E. coli,NIT,AMC,NS,52,46,0.05875911940381359,0.05219936731316941
E. coli,NIT,AMC,NS,52,47,0.03572069761903849,0.06420143017002053
E. coli,NIT,AMC,NS,52,48,-0.0945184798999018,0.04529812365384304
E. coli,NIT,AMC,NS,52,49,-0.025465347641131376,0.04860189021948286
E. coli,NIT,AMC,NS,52,50,0.08125077708780341,0.05138943235622969
E. coli,NIT,AMC,NS,52,51,-0.07631201078128191,0.04310784261506236
E. coli,NIT,AMC,NS,52,52,-0.009767239318931552,0.05721897460240204
E. coli,NIT,AMC,S,52,1,0.028921941382809072,0.016558884335763992
E. coli,NIT,AMC,S,52,2,0.02180787703231612,0.015274479552450202
E. coli,NIT,AMC,S,52,3,0.031202589112313404,0.017702149494654706
E. coli,NIT,AMC,S,52,4,0.050060529381938536,0.017263627905346076
E. coli,NIT,AMC,S,52,5,0.010486159506295252,0.016919828780584626
E. coli,NIT,AMC,S,52,6,0.014055638937389599,0.01618952220153276
E. coli,NIT,AMC,S,52,7,-0.026175645963565374,0.014679999834793993
E. coli,NIT,AMC,S,52,8,0.024756908609934316,0.01763451114862434
E. coli,NIT,AMC,S,52,9,0.007030391206098494,0.015171614960127911
E. coli,NIT,AMC,S,52,10,0.01867022635203908,0.01670444874627321
E. coli,NIT,AMC,S,52,11,0.002198992979577414,0.016691595948887684
E. coli,NIT,AMC,S,52,12,0.014609923372623564,0.016857141611756474
E. coli,NIT,AMC,S,52,13,0.033931114032851845,0.01733240796735028
E. coli,NIT,AMC,S,52,14,0.0042247147359336,0.016237385262895084
E. coli,NIT,AMC,S,52,15,0.00584315683781393,0.017155743372783624
E. coli,NIT,AMC,S,52,16,0.0034978307283378583,0.016894215124707682
E. coli,NIT,AMC,S,52,17,-6.043613831014958e-4,0.017524779494420682
E. coli,NIT,AMC,S,52,18,0.006672851267131988,0.01660549128678475
E. coli,NIT,AMC,S,52,19,0.0107762791895387,0.01625449432875656
E. coli,NIT,AMC,S,52,20,0.022533770749774747,0.015873225563369925
E. coli,NIT,AMC,S,52,21,0.03210054614226995,0.01718220112042601
E. coli,NIT,AMC,S,52,22,-0.005006937986975165,0.015707731448056653
E. coli,NIT,AMC,S,52,23,0.0026002226635617283,0.016211894964489673
E. coli,NIT,AMC,S,52,24,-0.009589210499358607,0.015341416991920927
E. coli,NIT,AMC,S,52,25,0.01995671610840689,0.018037560539097323
E. coli,NIT,AMC,S,52,26,-0.027367094070941973,0.015077985249922148
E. coli,NIT,AMC,S,52,27,-0.006521832602102816,0.016914819569104254
E. coli,NIT,AMC,S,52,28,-0.03980588526813085,0.014128914387819347
E. coli,NIT,AMC,S,52,29,-0.0341252497148382,0.015581348012021247
E. coli,NIT,AMC,S,52,30,-0.010121245824903154,0.015094947060706247
E. coli,NIT,AMC,S,52,31,0.01958455322530842,0.01666365108753857
E. coli,NIT,AMC,S,52,32,-0.025377862346234202,0.01501121646749659
E. coli,NIT,AMC,S,52,33,-0.024292615544713014,0.013760975072111378
E. coli,NIT,AMC,S,52,34,-0.009741151364703876,0.0158401512296709
E. coli,NIT,AMC,S,52,35,-0.022928526372162437,0.01609481828801626
E. coli,NIT,AMC,S,52,36,-0.023020291469585157,0.014814199494543065
E. coli,NIT,AMC,S,52,37,-0.05105700600857095,0.01310178624291438
E. coli,NIT,AMC,S,52,38,-0.016188645518141708,0.015950929418600487
E. coli,NIT,AMC,S,52,39,-0.020838920082645842,0.015391097139262903
E. coli,NIT,AMC,S,52,40,-0.040023771535232344,0.013026997367627064
E. coli,NIT,AMC,S,52,41,-0.017197847273419532,0.01644365078872322
E. coli,NIT,AMC,S,52,42,-0.007934196375503237,0.016608529448729998
E. coli,NIT,AMC,S,52,43,-0.0072808015433994955,0.017085553615062355
E. coli,NIT,AMC,S,52,44,-0.012025525882718048,0.01615656727643673
E. coli,NIT,AMC,S,52,45,-0.003081916175103333,0.016094933046423933
E. coli,NIT,AMC,S,52,46,0.006315044878090709,0.016168460929999084
E. coli,NIT,AMC,S,52,47,-0.006683828863282942,0.01754961305544956
E. coli,NIT,AMC,S,52,48,-0.003813964526957615,0.016260332161473937
E. coli,NIT,AMC,S,52,49,0.03424987793919743,0.017175888684833465
E. coli,NIT,AMC,S,52,50,0.00308991080302503,0.015817976376842808
E. coli,NIT,AMC,S,52,51,0.03149761366114305,0.01697802925119339
E. coli,NIT,AMC,S,52,52,-0.014979600703050794,0.018294860513040617
E. coli,NIT,AMP,NS,52,1,-0.00612336919397189,0.024963868248068878
E. coli,NIT,AMP,NS,52,2,-0.011860715039521845,0.024534811906732977
E. coli,NIT,AMP,NS,52,3,0.04140617347884184,0.02674060183464028
E. coli,NIT,AMP,NS,52,4,0.04323969514617389,0.026258484329927428
E. coli,NIT,AMP,NS,52,5,0.05313240606651051,0.028299183762706324
E. coli,NIT,AMP,NS,52,6,0.05423491955576823,0.027012490273500077
E. coli,NIT,AMP,NS,52,7,-0.009739039699252586,0.02610385660482447
E. coli,NIT,AMP,NS,52,8,0.024961184208397498,0.026906381176081164
E. coli,NIT,AMP,NS,52,9,0.014304406071438087,0.02475868515872789
E. coli,NIT,AMP,NS,52,10,-0.015300896963741683,0.024023074261532995
E. coli,NIT,AMP,NS,52,11,0.034830646079289526,0.02554246014387681
E. coli,NIT,AMP,NS,52,12,5.6386558036900596e-5,0.024041523802254522
E. coli,NIT,AMP,NS,52,13,0.016585944964203,0.026582186069682028
E. coli,NIT,AMP,NS,52,14,0.02328945799684045,0.02492751629932489
E. coli,NIT,AMP,NS,52,15,0.023422808903988814,0.025412692996514566
E. coli,NIT,AMP,NS,52,16,-0.022280359576448912,0.023358578259979213
E. coli,NIT,AMP,NS,52,17,-0.0038275559708373283,0.02592971339373955
E. coli,NIT,AMP,NS,52,18,0.021666647146486626,0.02490365851355988
E. coli,NIT,AMP,NS,52,19,0.04276026109721627,0.02630578943759369
E. coli,NIT,AMP,NS,52,20,0.030017294342253722,0.02601826168125191
E. coli,NIT,AMP,NS,52,21,0.04538209376798887,0.02752779347863082
E. coli,NIT,AMP,NS,52,22,-0.012487073199512583,0.023905818820634583
E. coli,NIT,AMP,NS,52,23,0.04790874803373979,0.02733679814959374
E. coli,NIT,AMP,NS,52,24,-0.028887215517482422,0.02290511440435717
E. coli,NIT,AMP,NS,52,25,0.005577202658315648,0.02507044558489831
E. coli,NIT,AMP,NS,52,26,-0.012056119890873924,0.024346877433444533
E. coli,NIT,AMP,NS,52,27,0.0036834836101451453,0.026310030191197955
E. coli,NIT,AMP,NS,52,28,-0.04894046598202354,0.023500318163155953
E. coli,NIT,AMP,NS,52,29,-0.004831772751813498,0.025371630246932217
E. coli,NIT,AMP,NS,52,30,-0.00924094695521159,0.0248386771150071
E. coli,NIT,AMP,NS,52,31,-0.012248652450589823,0.02388949809300929
E. coli,NIT,AMP,NS,52,32,-0.005407249956553913,0.02466184957757256
E. coli,NIT,AMP,NS,52,33,-0.01992245922210677,0.025182999247135383
E. coli,NIT,AMP,NS,52,34,-0.034771426413416566,0.024067029000130448
E. coli,NIT,AMP,NS,52,35,-0.05680777060030921,0.02362620441884931
E. coli,NIT,AMP,NS,52,36,-0.0077535029261481024,0.02495762291256962
E. coli,NIT,AMP,NS,52,37,-0.10362518627027785,0.019500000655992233
E. coli,NIT,AMP,NS,52,38,-0.04317110710484651,0.023966891822225552
E. coli,NIT,AMP,NS,52,39,-0.0010928592140760105,0.024588338815955152
E. coli,NIT,AMP,NS,52,40,-0.03425293071384927,0.02266701988216401
E. coli,NIT,AMP,NS,52,41,0.0033453897288894933,0.026811502823760682
E. coli,NIT,AMP,NS,52,42,0.03188630071291635,0.026524161432478224
E. coli,NIT,AMP,NS,52,43,-0.006328704285892357,0.02517543281724639
E. coli,NIT,AMP,NS,52,44,-0.0469000967770774,0.022818393936578855
E. coli,NIT,AMP,NS,52,45,-0.02426973273381125,0.02521968340184466
E. coli,NIT,AMP,NS,52,46,0.03352869815868075,0.02548699720053326
E. coli,NIT,AMP,NS,52,47,-0.005069253866408478,0.027371566132859976
E. coli,NIT,AMP,NS,52,48,-0.02821651844553111,0.024307444173189804
E. coli,NIT,AMP,NS,52,49,0.032530225753545076,0.0257917254330942
E. coli,NIT,AMP,NS,52,50,-0.0010763431092659966,0.02323268702154792
E. coli,NIT,AMP,NS,52,51,-0.031009164393476004,0.021302124701691183
E. coli,NIT,AMP,NS,52,52,0.014990105277381927,0.028395575213019886
E. coli,NIT,AMP,S,52,1,0.048168144763420094,0.017502812088228754
E. coli,NIT,AMP,S,52,2,0.04599252118150528,0.016542375441742193
E. coli,NIT,AMP,S,52,3,0.02941829812511268,0.015020357300667822
E. coli,NIT,AMP,S,52,4,0.03387728510015165,0.016778411342277446
E. coli,NIT,AMP,S,52,5,0.009506976138101834,0.015455913911370698
E. coli,NIT,AMP,S,52,6,0.015432769231061901,0.01574713268910783
E. coli,NIT,AMP,S,52,7,-0.002170278819114765,0.014136090990462187
E. coli,NIT,AMP,S,52,8,0.013556115489872879,0.01633474810879537
E. coli,NIT,AMP,S,52,9,0.022591729789358812,0.015849315756535417
E. coli,NIT,AMP,S,52,10,0.02103344566018177,0.01646486447922259
E. coli,NIT,AMP,S,52,11,0.008410239053445411,0.01634449515940833
E. coli,NIT,AMP,S,52,12,0.03241293929479143,0.01829881084223683
E. coli,NIT,AMP,S,52,13,0.03410783953071208,0.015920403641276525
E. coli,NIT,AMP,S,52,14,0.017802305307913067,0.015429167975287289
E. coli,NIT,AMP,S,52,15,-0.024712017622719965,0.014173010931040146
E. coli,NIT,AMP,S,52,16,0.0097036287600692,0.01801044527571052
E. coli,NIT,AMP,S,52,17,-0.009338670692193568,0.01585808683910051
E. coli,NIT,AMP,S,52,18,0.01746304275538884,0.016832220278651777
E. coli,NIT,AMP,S,52,19,0.019507545245989452,0.017203955667029473
E. coli,NIT,AMP,S,52,20,0.016323723268432618,0.01492532767729857
E. coli,NIT,AMP,S,52,21,0.029084061551011918,0.016557069646272907
E. coli,NIT,AMP,S,52,22,0.009409120975648182,0.016100919304664743
E. coli,NIT,AMP,S,52,23,2.0699315457482485e-4,0.015576475860936296
E. coli,NIT,AMP,S,52,24,-0.016286919665743024,0.01516926228462322
E. coli,NIT,AMP,S,52,25,0.003213758737312184,0.017649151486638183
E. coli,NIT,AMP,S,52,26,-0.02969570647883087,0.014819382516560873
E. coli,NIT,AMP,S,52,27,-0.030467286274635883,0.013944119145461578
E. coli,NIT,AMP,S,52,28,-0.027576486828248606,0.01367885451851883
E. coli,NIT,AMP,S,52,29,-0.019728938384143774,0.015607468690606733
E. coli,NIT,AMP,S,52,30,-0.003642092699773412,0.015010039417067616
E. coli,NIT,AMP,S,52,31,-6.718377797049302e-4,0.015883183099900344
E. coli,NIT,AMP,S,52,32,-0.03748082957848915,0.013006927744617175
E. coli,NIT,AMP,S,52,33,-0.023191548892129855,0.013181145811610902
E. coli,NIT,AMP,S,52,34,-0.028069188872722826,0.014239931475653528
E. coli,NIT,AMP,S,52,35,-0.01870631275147609,0.01614087476372801
E. coli,NIT,AMP,S,52,36,-0.024734211361701376,0.01477613672365248
E. coli,NIT,AMP,S,52,37,-0.027995355198717663,0.013919373936213597
E. coli,NIT,AMP,S,52,38,-0.03352580931012846,0.015012955701956574
E. coli,NIT,AMP,S,52,39,-0.02978588850128865,0.014519471190782385
E. coli,NIT,AMP,S,52,40,-0.034777432126021315,0.013579393853217376
E. coli,NIT,AMP,S,52,41,-0.030609111821581884,0.014709430008164576
E. coli,NIT,AMP,S,52,42,-0.03640767861259246,0.015414057285014715
E. coli,NIT,AMP,S,52,43,-0.034953907328004775,0.014369404912421106
E. coli,NIT,AMP,S,52,44,-0.01918812259077437,0.01582562581151828
E. coli,NIT,AMP,S,52,45,0.00963184297509028,0.016882963781255044
E. coli,NIT,AMP,S,52,46,0.006935833530441827,0.01590996419202577
E. coli,NIT,AMP,S,52,47,-0.024297748001923802,0.016128569014299612
E. coli,NIT,AMP,S,52,48,0.013853202101780513,0.016804072743598308
E. coli,NIT,AMP,S,52,49,0.03117574100859469,0.0175474607828725
E. coli,NIT,AMP,S,52,50,0.019065852914716807,0.017568141771399412
E. coli,NIT,AMP,S,52,51,0.035804207077022525,0.017716109341352114
E. coli,NIT,AMP,S,52,52,0.005711509634779052,0.019414188233919855
K. pneumoniae,CIP,AMC,NS,52,1,0.11525593610408043,0.2605602938004862
K. pneumoniae,CIP,AMC,NS,52,2,0.06320711878937187,0.23998727274090143
K. pneumoniae,CIP,AMC,NS,52,3,0.24550014494345376,0.2235839396746843
K. pneumoniae,CIP,AMC,NS,52,4,-0.3438316967797259,0.32805987419642846
K. pneumoniae,CIP,AMC,NS,52,5,0.763830899538378,0.18320628543133682
K. pneumoniae,CIP,AMC,NS,52,6,0.2016601962779689,0.28278029795935405
K. pneumoniae,CIP,AMC,NS,52,7,0.15591169435080043,0.27531690280701476
K. pneumoniae,CIP,AMC,NS,52,8,-0.048564676335943385,0.26935409501620194
K. pneumoniae,CIP,AMC,NS,52,9,0.12542050227936472,0.28538509855649496
K. pneumoniae,CIP,AMC,NS,52,10,0.11468872533749858,0.2834692098268262
K. pneumoniae,CIP,AMC,NS,52,11,0.10523117385370827,0.2859602325736973
K. pneumoniae,CIP,AMC,NS,52,12,-0.10781473706201153,0.2487640668886617
K. pneumoniae,CIP,AMC,NS,52,13,0.21887812677344035,0.2802314034825573
K. pneumoniae,CIP,AMC,NS,52,14,-0.4263078331318105,0.26428234802611156
K. pneumoniae,CIP,AMC,NS,52,15,-0.12762226838365334,0.2881210695821948
K. pneumoniae,CIP,AMC,NS,52,16,0.1877575219511019,0.3009839715226409
K. pneumoniae,CIP,AMC,NS,52,17,0.09451134559910666,0.22173270050413513
K. pneumoniae,CIP,AMC,NS,52,18,0.06276650982774812,0.2366572233255736
K. pneumoniae,CIP,AMC,NS,52,19,-0.11095468999843816,0.27869930426728734
K. pneumoniae,CIP,AMC,NS,52,20,-0.4352998630607811,0.28404714504470147
K. pneumoniae,CIP,AMC,NS,52,21,0.14699364985552715,0.2301237552544209
K. pneumoniae,CIP,AMC,NS,52,22,-0.6296923157808553,0.26825661549762464
K. pneumoniae,CIP,AMC,NS,52,23,-0.0773296501589105,0.2549971406021735
K. pneumoniae,CIP,AMC,NS,52,24,0.03512143057339759,0.2689656921832561
K. pneumoniae,CIP,AMC,NS,52,25,-0.13903795058292123,0.22632548871660307
K. pneumoniae,CIP,AMC,NS,52,26,-0.4723421314869526,0.29529938836419956
K. pneumoniae,CIP,AMC,NS,52,27,-0.4313992188470617,0.27167509211871543
K. pneumoniae,CIP,AMC,NS,52,28,0.40263553516556005,0.19450626629514528
K. pneumoniae,CIP,AMC,NS,52,29,-0.10280677270757858,0.2521952693565521
K. pneumoniae,CIP,AMC,NS,52,30,-0.1204642840816091,0.24944977639335741
K. pneumoniae,CIP,AMC,NS,52,31,-0.08523068007559552,0.23546073115423047
K. pneumoniae,CIP,AMC,NS,52,32,0.050259448375479895,0.21641636895670321
K. pneumoniae,CIP,AMC,NS,52,33,-0.17152474199126708,0.26389191804359124
K. pneumoniae,CIP,AMC,NS,52,34,0.1278462274989695,0.21050325034055783
K. pneumoniae,CIP,AMC,NS,52,35,-0.22067666582297396,0.2341137703490803
K. pneumoniae,CIP,AMC,NS,52,36,-0.02424757001448531,0.23869995699402236
K. pneumoniae,CIP,AMC,NS,52,37,-0.2592888956356744,0.2631096724744018
K. pneumoniae,CIP,AMC,NS,52,38,0.08847973973502804,0.21542963987606853
K. pneumoniae,CIP,AMC,NS,52,39,-0.29680912933974063,0.25843623218124173
K. pneumoniae,CIP,AMC,NS,52,40,0.29087164442783126,0.19638771284951176
K. pneumoniae,CIP,AMC,NS,52,41,0.5755385626596129,0.21446609917641057
K. pneumoniae,CIP,AMC,NS,52,42,-0.18775993571327296,0.28584922907976595
K. pneumoniae,CIP,AMC,NS,52,43,-0.4095951710867186,0.2706478788913593
K. pneumoniae,CIP,AMC,NS,52,44,0.309358572267509,0.19638748118932728
K. pneumoniae,CIP,AMC,NS,52,45,0.07361000212451045,0.25241067474707024
K. pneumoniae,CIP,AMC,NS,52,46,0.3613909983960062,0.24263311920257283
K. pneumoniae,CIP,AMC,NS,52,47,0.05525671610037001,0.249092639465844
K. pneumoniae,CIP,AMC,NS,52,48,0.008994866212275989,0.2341255635491457
K. pneumoniae,CIP,AMC,NS,52,49,0.37709607921122407,0.23009543488240708
K. pneumoniae,CIP,AMC,NS,52,50,-0.03853626953226967,0.24721484319409243
K. pneumoniae,CIP,AMC,NS,52,51,0.12317886354403736,0.23359230619760094
K. pneumoniae,CIP,AMC,NS,52,52,0.4042598148133115,0.204388017351579
K. pneumoniae,CIP,AMC,S,52,1,0.04927477768183796,0.055592393943682684
K. pneumoniae,CIP,AMC,S,52,2,-0.032407052905427065,0.05040176007606899
K. pneumoniae,CIP,AMC,S,52,3,0.039375678804593146,0.05668224671702024
K. pneumoniae,CIP,AMC,S,52,4,0.04691248414179412,0.055711199768670734
K. pneumoniae,CIP,AMC,S,52,5,-0.016270847688051492,0.05030353360813189
K. pneumoniae,CIP,AMC,S,52,6,0.0382489446337656,0.05768007927105435
K. pneumoniae,CIP,AMC,S,52,7,-0.01619680486843444,0.05458547327656721
K. pneumoniae,CIP,AMC,S,52,8,0.05845198491378601,0.06041023775681548
K. pneumoniae,CIP,AMC,S,52,9,-0.09623604142279717,0.04376153500902767
K. pneumoniae,CIP,AMC,S,52,10,-0.03641985448847609,0.04788718034382709
K. pneumoniae,CIP,AMC,S,52,11,-0.03158648767439519,0.052099833240037946
K. pneumoniae,CIP,AMC,S,52,12,0.055970964825574246,0.05723541149393446
K. pneumoniae,CIP,AMC,S,52,13,0.016098677898352603,0.05194164550588658
K. pneumoniae,CIP,AMC,S,52,14,0.11447387297846419,0.0617520980041209
K. pneumoniae,CIP,AMC,S,52,15,0.00591887756168408,0.05130377235958454
K. pneumoniae,CIP,AMC,S,52,16,-0.04443411242174105,0.04910546756510492
K. pneumoniae,CIP,AMC,S,52,17,0.020763725398786535,0.05413143752756187
K. pneumoniae,CIP,AMC,S,52,18,-0.04713254923792201,0.047081151601480326
K. pneumoniae,CIP,AMC,S,52,19,-0.005258468227662215,0.04503823625114518
K. pneumoniae,CIP,AMC,S,52,20,0.017436231983301367,0.05012977671812227
K. pneumoniae,CIP,AMC,S,52,21,-0.04969016850908193,0.048034854644981285
K. pneumoniae,CIP,AMC,S,52,22,-0.013114634473698638,0.043888578380387636
K. pneumoniae,CIP,AMC,S,52,23,0.057854746098236896,0.048706752143925613
K. pneumoniae,CIP,AMC,S,52,24,-0.10742263322555769,0.03528837791699329
K. pneumoniae,CIP,AMC,S,52,25,0.0464559933925716,0.046498213708987074
K. pneumoniae,CIP,AMC,S,52,26,0.04935032002007005,0.04636739413089249
K. pneumoniae,CIP,AMC,S,52,27,-0.036608868680778124,0.04248812658803681
K. pneumoniae,CIP,AMC,S,52,28,-0.020390012749051202,0.04139419718855103
K. pneumoniae,CIP,AMC,S,52,29,0.02335932688260888,0.045590454234501525
K. pneumoniae,CIP,AMC,S,52,30,-9.474202761163372e-4,0.04146686899100833
K. pneumoniae,CIP,AMC,S,52,31,0.05208476545017571,0.048330350137200245
K. pneumoniae,CIP,AMC,S,52,32,0.017626121143089566,0.040696638471216316
K. pneumoniae,CIP,AMC,S,52,33,-0.055962280557310416,0.03365411927690868
K. pneumoniae,CIP,AMC,S,52,34,-0.010565370343319282,0.0386118554799221
K. pneumoniae,CIP,AMC,S,52,35,-0.06491013181603397,0.0353586798615663
K. pneumoniae,CIP,AMC,S,52,36,0.07050823222257822,0.04620059244319304
K. pneumoniae,CIP,AMC,S,52,37,-0.015474999028801487,0.038742836488430084
K. pneumoniae,CIP,AMC,S,52,38,-0.004570144947822629,0.041091978080248434
K. pneumoniae,CIP,AMC,S,52,39,-0.035253521355181366,0.03744600832064136
K. pneumoniae,CIP,AMC,S,52,40,0.032008767157445855,0.044951196755835546
K. pneumoniae,CIP,AMC,S,52,41,-0.03606939308216355,0.040516898240000473
K. pneumoniae,CIP,AMC,S,52,42,-0.06054680816700212,0.037546325965289944
K. pneumoniae,CIP,AMC,S,52,43,-0.02718189974373745,0.04212858500852619
K. pneumoniae,CIP,AMC,S,52,44,0.020993656504783593,0.04518588665632902
K. pneumoniae,CIP,AMC,S,52,45,-0.0449286437759397,0.03707346261437381
K. pneumoniae,CIP,AMC,S,52,46,0.019639618719847148,0.04501219325570257
K. pneumoniae,CIP,AMC,S,52,47,0.013176268466407555,0.044748767479597655
K. pneumoniae,CIP,AMC,S,52,48,-0.05615981260264146,0.04239189548848927
K. pneumoniae,CIP,AMC,S,52,49,-0.04263074798770998,0.04063082718228139
K. pneumoniae,CIP,AMC,S,52,50,0.024637463654689256,0.04497804580281856
K. pneumoniae,CIP,AMC,S,52,51,-0.0095586774307645,0.040972634483985214
K. pneumoniae,CIP,AMC,S,52,52,0.12734635088549015,0.06321672197490905
K. pneumoniae,NIT,AMC,NS,52,1,0.1350961180618492,0.27617531580360954
K. pneumoniae,NIT,AMC,NS,52,2,0.04828079442121376,0.18355667854231517
K. pneumoniae,NIT,AMC,NS,52,3,0.6391903196388732,0.2385478343079699
K. pneumoniae,NIT,AMC,NS,52,4,-0.5106621770018787,0.37480066646134635
K. pneumoniae,NIT,AMC,NS,52,5,0.2853584455784731,0.299902181600802
K. pneumoniae,NIT,AMC,NS,52,6,0.2927538064734917,0.2684753656692077
K. pneumoniae,NIT,AMC,NS,52,7,-0.404430814881751,0.3582425875993005
K. pneumoniae,NIT,AMC,NS,52,8,-0.020856525265425533,0.32104839725593454
K. pneumoniae,NIT,AMC,NS,52,9,-0.06568731330926499,0.2491512332858002
K. pneumoniae,NIT,AMC,NS,52,10,0.08463768026406567,0.25359124963369184
K. pneumoniae,NIT,AMC,NS,52,11,0.49050997744395125,0.274156983778557
K. pneumoniae,NIT,AMC,NS,52,12,-0.09438815919777696,0.21043071670262276
K. pneumoniae,NIT,AMC,NS,52,13,0.12164153420951473,0.36228215515512635
K. pneumoniae,NIT,AMC,NS,52,14,0.04099913186842009,0.27875797391026774
K. pneumoniae,NIT,AMC,NS,52,15,0.1156370459259965,0.2907360671975556
K. pneumoniae,NIT,AMC,NS,52,16,-0.25267936388442147,0.4668526561107773
K. pneumoniae,NIT,AMC,NS,52,17,0.47122016999763505,0.20383179471763335
K. pneumoniae,NIT,AMC,NS,52,18,0.0651924380822046,0.2742631584646025
K. pneumoniae,NIT,AMC,NS,52,19,0.15866986332122351,0.32234550511976867
K. pneumoniae,NIT,AMC,NS,52,20,0.32969745676921347,0.31155515603724065
K. pneumoniae,NIT,AMC,NS,52,21,0.04189654616658188,0.25239475862460975
K. pneumoniae,NIT,AMC,NS,52,22,-0.10864498920872845,0.2186551284633511
K. pneumoniae,NIT,AMC,NS,52,23,-0.14875005529777524,0.22108775574758352
K. pneumoniae,NIT,AMC,NS,52,24,0.17186906415748912,0.20411621202962435
K. pneumoniae,NIT,AMC,NS,52,25,-0.17861493670754547,0.2194471195806685
K. pneumoniae,NIT,AMC,NS,52,26,-0.14438475794340802,0.27465523681785586
K. pneumoniae,NIT,AMC,NS,52,27,0.1653264642165917,0.23552950563253636
K. pneumoniae,NIT,AMC,NS,52,28,0.32734715137680676,0.22490640379090493
K. pneumoniae,NIT,AMC,NS,52,29,-0.07287978882479815,0.24105500201648988
K. pneumoniae,NIT,AMC,NS,52,30,-0.013631397778776706,0.23706550467269003
K. pneumoniae,NIT,AMC,NS,52,31,-0.3149500500336962,0.21699372053088975
K. pneumoniae,NIT,AMC,NS,52,32,-0.0953033650166524,0.24848290558285085
K. pneumoniae,NIT,AMC,NS,52,33,0.09706941468465181,0.2227429029959822
K. pneumoniae,NIT,AMC,NS,52,34,-0.4575755388418801,0.2343699566402021
K. pneumoniae,NIT,AMC,NS,52,35,-0.5879110046351357,0.2954415343426716
K. pneumoniae,NIT,AMC,NS,52,36,-0.369716882591137,0.3070238891067243
K. pneumoniae,NIT,AMC,NS,52,37,-0.11084655237728182,0.21646130296458282
K. pneumoniae,NIT,AMC,NS,52,38,-0.044725120439330496,0.2255054281268482
K. pneumoniae,NIT,AMC,NS,52,39,0.017899282798489652,0.24411156578805834
K. pneumoniae,NIT,AMC,NS,52,40,-0.18621663085316995,0.20196890031482737
K. pneumoniae,NIT,AMC,NS,52,41,0.19649754726557525,0.2500749171471952
K. pneumoniae,NIT,AMC,NS,52,42,-0.4853626622093335,0.25614056286491965
K. pneumoniae,NIT,AMC,NS,52,43,-0.33752168539324806,0.30654661370230807
K. pneumoniae,NIT,AMC,NS,52,44,0.2505062714848402,0.2059153718655142
K. pneumoniae,NIT,AMC,NS,52,45,0.15108197513807262,0.2878828632282999
K. pneumoniae,NIT,AMC,NS,52,46,0.03394111172393833,0.3411288515218208
K. pneumoniae,NIT,AMC,NS,52,47,0.08342845137180104,0.27178584540721196
K. pneumoniae,NIT,AMC,NS,52,48,-0.1649906348695029,0.2224512324529142
K. pneumoniae,NIT,AMC,NS,52,49,0.07722535247943826,0.2656848197455847
K. pneumoniae,NIT,AMC,NS,52,50,-0.1489442294152167,0.23552724880341946
K. pneumoniae,NIT,AMC,NS,52,51,-0.21268830469921277,0.29419705258527634
K. pneumoniae,NIT,AMC,NS,52,52,0.40834278602555,0.32733223518348437
K. pneumoniae,NIT,AMC,S,52,1,0.09287777297803666,0.07247240507203959
K. pneumoniae,NIT,AMC,S,52,2,0.06649972472246317,0.06874212561202124
K. pneumoniae,NIT,AMC,S,52,3,-0.0763547642367795,0.07458407578962552
K. pneumoniae,NIT,AMC,S,52,4,0.01611687699114371,0.06952975433396022
K. pneumoniae,NIT,AMC,S,52,5,-0.028059853897953065,0.07483565278961321
K. pneumoniae,NIT,AMC,S,52,6,0.04492484386546062,0.07748764614605362
K. pneumoniae,NIT,AMC,S,52,7,0.07703372952122027,0.073072608953058
K. pneumoniae,NIT,AMC,S,52,8,0.14412792597563592,0.08027810080465388
K. pneumoniae,NIT,AMC,S,52,9,-0.05512911443409505,0.06791922892394336
K. pneumoniae,NIT,AMC,S,52,10,-0.21600856199862276,0.07017894476366296
K. pneumoniae,NIT,AMC,S,52,11,-0.0542227088850151,0.06656503864147748
K. pneumoniae,NIT,AMC,S,52,12,0.056957281801780814,0.06959477239442995
K. pneumoniae,NIT,AMC,S,52,13,-0.08525887041302355,0.07541261096350224
K. pneumoniae,NIT,AMC,S,52,14,0.0034104463204073744,0.072332285645704
K. pneumoniae,NIT,AMC,S,52,15,-0.10095550517869625,0.07897886638852904
K. pneumoniae,NIT,AMC,S,52,16,-0.10331740867352736,0.07470895944914639
K. pneumoniae,NIT,AMC,S,52,17,0.05552453509539335,0.075584714531439
K. pneumoniae,NIT,AMC,S,52,18,-0.12200336425309165,0.06712124686096288
K. pneumoniae,NIT,AMC,S,52,19,-0.0727381541209655,0.06423977069851267
K. pneumoniae,NIT,AMC,S,52,20,-0.03620176944546069,0.0661366408749374
K. pneumoniae,NIT,AMC,S,52,21,0.06177143825873695,0.06727679492529282
K. pneumoniae,NIT,AMC,S,52,22,-0.01913708763344434,0.06460760845508257
K. pneumoniae,NIT,AMC,S,52,23,0.08039518757755296,0.06493882032756675
K. pneumoniae,NIT,AMC,S,52,24,-0.06919900882237529,0.05997741398286351
K. pneumoniae,NIT,AMC,S,52,25,-0.03766575682531744,0.06578375115558635
K. pneumoniae,NIT,AMC,S,52,26,0.017823778287715978,0.05984972663089536
K. pneumoniae,NIT,AMC,S,52,27,-0.13653811922260128,0.06531151877854258
K. pneumoniae,NIT,AMC,S,52,28,-0.024336609996149162,0.065442639556784
K. pneumoniae,NIT,AMC,S,52,29,0.0838833312470421,0.06943481848940027
K. pneumoniae,NIT,AMC,S,52,30,-0.0674634554878855,0.06195973787826738
K. pneumoniae,NIT,AMC,S,52,31,0.03230097212606777,0.06792067015003966
K. pneumoniae,NIT,AMC,S,52,32,0.016839836524373573,0.06091438444972347
K. pneumoniae,NIT,AMC,S,52,33,-0.02845367691315856,0.05735919434775576
K. pneumoniae,NIT,AMC,S,52,34,0.0809885222618814,0.06180602546909223
K. pneumoniae,NIT,AMC,S,52,35,-0.050137459687535677,0.058616791540338935
K. pneumoniae,NIT,AMC,S,52,36,0.03045358784496182,0.059422480478043486
K. pneumoniae,NIT,AMC,S,52,37,0.021369117299862857,0.05277390563600562
K. pneumoniae,NIT,AMC,S,52,38,0.044235016413715175,0.06383593699397791
K. pneumoniae,NIT,AMC,S,52,39,0.10151087969224407,0.057686057341686484
K. pneumoniae,NIT,AMC,S,52,40,-0.07087073669515372,0.06197741075615472
K. pneumoniae,NIT,AMC,S,52,41,-0.015643397002492627,0.0703915869329877
K. pneumoniae,NIT,AMC,S,52,42,-0.050919276526660055,0.0587423693514354
K. pneumoniae,NIT,AMC,S,52,43,0.013517387135480884,0.06276413188007608
K. pneumoniae,NIT,AMC,S,52,44,0.08291664088527362,0.06544374360840416
K. pneumoniae,NIT,AMC,S,52,45,0.02528798433447424,0.06017720939525112
K. pneumoniae,NIT,AMC,S,52,46,0.07608650805805685,0.06483425091075624
K. pneumoniae,NIT,AMC,S,52,47,0.026688929224860037,0.06137570736949189
K. pneumoniae,NIT,AMC,S,52,48,0.05563076311431875,0.062338060009164836
K. pneumoniae,NIT,AMC,S,52,49,-0.10406070871311388,0.05551242501959615
K. pneumoniae,NIT,AMC,S,52,50,0.12132617830890742,0.060957508229793796
K. pneumoniae,NIT,AMC,S,52,51,0.08342050491209277,0.06601578306570828
K. pneumoniae,NIT,AMC,S,52,52,0.050340736509246704,0.07975997982216784
S. aureus,CIP,ERY,NS,52,1,0.15868606053556614,0.09218305324182813
S. aureus,CIP,ERY,NS,52,2,0.14276684090148595,0.08866561632301742
S. aureus,CIP,ERY,NS,52,3,0.06745594836214207,0.08868116848607573
S. aureus,CIP,ERY,NS,52,4,0.07013235399210822,0.09005533788605448
S. aureus,CIP,ERY,NS,52,5,0.0013630705991228547,0.09241464809660804
S. aureus,CIP,ERY,NS,52,6,0.13218436545615583,0.0922610192492295
S. aureus,CIP,ERY,NS,52,7,0.13091834306829273,0.09228283259463654
S. aureus,CIP,ERY,NS,52,8,0.1630407023941657,0.08686950121677317
S. aureus,CIP,ERY,NS,52,9,-0.009993269365368887,0.09412440576859994
S. aureus,CIP,ERY,NS,52,10,-0.004454914534152986,0.08671862575521443
S. aureus,CIP,ERY,NS,52,11,0.1200265222866809,0.08716281027278783
S. aureus,CIP,ERY,NS,52,12,0.21850485482918813,0.08867140749090377
S. aureus,CIP,ERY,NS,52,13,0.05404316311085352,0.09220672589212403
S. aureus,CIP,ERY,NS,52,14,-0.02155272523608699,0.09357589556189588
S. aureus,CIP,ERY,NS,52,15,-0.025447646352133806,0.08971179924777689
S. aureus,CIP,ERY,NS,52,16,0.06297978519186787,0.09388776152586498
S. aureus,CIP,ERY,NS,52,17,0.05787200369278658,0.08979355662417947
S. aureus,CIP,ERY,NS,52,18,0.05003106032510548,0.08775030504682867
S. aureus,CIP,ERY,NS,52,19,0.03570315006722778,0.08604275895009272
S. aureus,CIP,ERY,NS,52,20,-0.007481647476039897,0.09260829238385428
S. aureus,CIP,ERY,NS,52,21,-0.13233165235554453,0.08821761201281458
S. aureus,CIP,ERY,NS,52,22,0.026628603939436675,0.0905473443142016
S. aureus,CIP,ERY,NS,52,23,0.005182494682263758,0.08646852988431501
S. aureus,CIP,ERY,NS,52,24,-0.1286330608701237,0.09095883551538188
S. aureus,CIP,ERY,NS,52,25,-0.022267407196143986,0.09282300923522165
S. aureus,CIP,ERY,NS,52,26,-0.08654640068169804,0.08641980938621921
S. aureus,CIP,ERY,NS,52,27,0.03535587068608255,0.09164190452264886
S. aureus,CIP,ERY,NS,52,28,-0.06073576543185071,0.08338763635543407
S. aureus,CIP,ERY,NS,52,29,-0.04348937769761579,0.08379518766596203
S. aureus,CIP,ERY,NS,52,30,-0.07149162696209722,0.08156755808670459
S. aureus,CIP,ERY,NS,52,31,-0.07264039572785899,0.08697807380674087
S. aureus,CIP,ERY,NS,52,32,-0.12182536333071979,0.08557226909739211
S. aureus,CIP,ERY,NS,52,33,-0.06993056614702792,0.083484886037127
S. aureus,CIP,ERY,NS,52,34,-0.27476412197671946,0.08774672436705215
S. aureus,CIP,ERY,NS,52,35,0.01684251084334589,0.08933333984665234
S. aureus,CIP,ERY,NS,52,36,-0.18535346963193813,0.08722575589368628
S. aureus,CIP,ERY,NS,52,37,-0.09316730532551934,0.08072683886985685
S. aureus,CIP,ERY,NS,52,38,-0.1258081040964413,0.08327364903020763
S. aureus,CIP,ERY,NS,52,39,-0.07307286739467803,0.08618745963652893
S. aureus,CIP,ERY,NS,52,40,0.053952550234737565,0.08933614243244914
S. aureus,CIP,ERY,NS,52,41,-0.19524576814405484,0.08968927947615483
S. aureus,CIP,ERY,NS,52,42,-0.10628857903858135,0.0842599838367624
S. aureus,CIP,ERY,NS,52,43,-0.01721575022575413,0.08708755372236537
S. aureus,CIP,ERY,NS,52,44,0.04071997869822272,0.0906492107112402
S. aureus,CIP,ERY,NS,52,45,0.03129924242897913,0.08718092806333107
S. aureus,CIP,ERY,NS,52,46,-0.04412964465306538,0.08566884953081111
S. aureus,CIP,ERY,NS,52,47,-0.08322317843878652,0.0925370757593045
S. aureus,CIP,ERY,NS,52,48,0.09554460606453201,0.09152265307998164
S. aureus,CIP,ERY,NS,52,49,0.14751640665023613,0.08856456317285147
S. aureus,CIP,ERY,NS,52,50,0.0021430644179211756,0.08814019810725816
S. aureus,CIP,ERY,NS,52,51,0.04831393341088442,0.09145712528711365
S. aureus,CIP,ERY,NS,52,52,0.10017141656391162,0.09749133764637721
S. aureus,CIP,ERY,S,52,1,-0.07587618208993199,0.04299129038962083
S. aureus,CIP,ERY,S,52,2,-0.02341801536490059,0.04458073941094961
S. aureus,CIP,ERY,S,52,3,-0.004841224273314396,0.04884874097372162
S. aureus,CIP,ERY,S,52,4,3.4333457240765246e-4,0.04743253837327451
S. aureus,CIP,ERY,S,52,5,0.02479780003253017,0.050558134838876556
S. aureus,CIP,ERY,S,52,6,-0.0411450732207217,0.04381779024783077
S. aureus,CIP,ERY,S,52,7,-0.09125257631496345,0.041780380806469446
S. aureus,CIP,ERY,S,52,8,0.11332862168175586,0.057020442208416504
S. aureus,CIP,ERY,S,52,9,0.01373011514058999,0.0494610702403085
S. aureus,CIP,ERY,S,52,10,0.07507834629391669,0.0539726545946037
S. aureus,CIP,ERY,S,52,11,-0.05499987086694679,0.045539745798700765
S. aureus,CIP,ERY,S,52,12,0.05136212304457134,0.051965218401542584
S. aureus,CIP,ERY,S,52,13,-0.029602326052702906,0.04405975688726184
S. aureus,CIP,ERY,S,52,14,-0.018646255842194,0.04646764340133105
S. aureus,CIP,ERY,S,52,15,-0.07648455760400392,0.04051217353252211
S. aureus,CIP,ERY,S,52,16,0.008710812264822673,0.05036756840088043
S. aureus,CIP,ERY,S,52,17,0.06148427104453955,0.055583038572100195
S. aureus,CIP,ERY,S,52,18,0.027435128814542763,0.04818799409122291
S. aureus,CIP,ERY,S,52,19,-0.0033585091257992737,0.04450536219167682
S. aureus,CIP,ERY,S,52,20,0.06688064208753891,0.05113166100065258
S. aureus,CIP,ERY,S,52,21,-0.07683106230889732,0.03999083224555238
S. aureus,CIP,ERY,S,52,22,-0.06877330482829089,0.039482457786802004
S. aureus,CIP,ERY,S,52,23,-0.011469752375477787,0.04166884355405808
S. aureus,CIP,ERY,S,52,24,0.05789311276969258,0.04933932362039163
S. aureus,CIP,ERY,S,52,25,0.02385836669606114,0.045850333259907894
S. aureus,CIP,ERY,S,52,26,0.005072822123752929,0.04248336439645631
S. aureus,CIP,ERY,S,52,27,-0.06943454660587149,0.039710990528116025
S. aureus,CIP,ERY,S,52,28,-0.051862211360005885,0.03899717057378194
S. aureus,CIP,ERY,S,52,29,-0.03153666276596006,0.041530737451616895
S. aureus,CIP,ERY,S,52,30,0.01630262972156465,0.04225218222473323
S. aureus,CIP,ERY,S,52,31,0.045682008438406176,0.04580160609365056
S. aureus,CIP,ERY,S,52,32,0.03067029695224483,0.042388905109271784
S. aureus,CIP,ERY,S,52,33,-0.00918206383045973,0.04136614005863788
S. aureus,CIP,ERY,S,52,34,0.03611333637523265,0.045888966378796955
S. aureus,CIP,ERY,S,52,35,0.057767711285298146,0.0498305585356661
S. aureus,CIP,ERY,S,52,36,-0.002064694142574788,0.04338702168447665
S. aureus,CIP,ERY,S,52,37,0.007372145746901524,0.04349775118552822
S. aureus,CIP,ERY,S,52,38,0.07806300852817684,0.04944996678818811
S. aureus,CIP,ERY,S,52,39,6.992595410262743e-4,0.04304323371450716
S. aureus,CIP,ERY,S,52,40,-0.028757156762091736,0.04178951855112419
S. aureus,CIP,ERY,S,52,41,-0.0361182980789643,0.04093883178997763
S. aureus,CIP,ERY,S,52,42,-0.006458883325343492,0.04389059140294585
S. aureus,CIP,ERY,S,52,43,4.196946189420758e-4,0.0431087157640014
S. aureus,CIP,ERY,S,52,44,0.007828154618919095,0.04271811313739187
S. aureus,CIP,ERY,S,52,45,0.06253603333072033,0.04957294847931589
S. aureus,CIP,ERY,S,52,46,0.011117540323642356,0.04483714956986329
S. aureus,CIP,ERY,S,52,47,-0.034879634403036874,0.044904211349165044
S. aureus,CIP,ERY,S,52,48,-0.04043999990795425,0.04182811905447704
S. aureus,CIP,ERY,S,52,49,0.022545399098199897,0.04622750935602724
S. aureus,CIP,ERY,S,52,50,-0.032512884594970815,0.0415733304785448
S. aureus,CIP,ERY,S,52,51,0.00828678849623531,0.04289873433610944
S. aureus,CIP,ERY,S,52,52,-0.03923702759681524,0.04569427199557773
S. aureus,CIP,OXA,NS,52,1,0.21750468463955175,0.09971866783896623
S. aureus,CIP,OXA,NS,52,2,-0.011701065665096053,0.10205332115588041
S. aureus,CIP,OXA,NS,52,3,0.10913667932435932,0.09758313478946636
S. aureus,CIP,OXA,NS,52,4,0.2099477024585981,0.0995086625420636
S. aureus,CIP,OXA,NS,52,5,0.12197357972389208,0.10361881608099602
S. aureus,CIP,OXA,NS,52,6,0.0827175121331293,0.10262134325735967
S. aureus,CIP,OXA,NS,52,7,0.029380686017779243,0.10650493734454217
S. aureus,CIP,OXA,NS,52,8,0.2571840169683046,0.09500699860724214
S. aureus,CIP,OXA,NS,52,9,0.1072860031690953,0.10261355430358816
S. aureus,CIP,OXA,NS,52,10,0.17239565839668514,0.09637467101603274
S. aureus,CIP,OXA,NS,52,11,0.16984079973898233,0.09615664290987691
S. aureus,CIP,OXA,NS,52,12,0.3322957354790063,0.09532499814646417
S. aureus,CIP,OXA,NS,52,13,0.033389420896064566,0.1049391910557483
S. aureus,CIP,OXA,NS,52,14,-0.06147087093543027,0.10846928108530272
S. aureus,CIP,OXA,NS,52,15,-0.015086525710342727,0.10390567301999676
S. aureus,CIP,OXA,NS,52,16,0.024377659962780025,0.10835740460717663
S. aureus,CIP,OXA,NS,52,17,-0.02142704482819644,0.10091802917432406
S. aureus,CIP,OXA,NS,52,18,0.07933622267251869,0.09918651201685662
S. aureus,CIP,OXA,NS,52,19,0.18250448108951767,0.09357478678410278
S. aureus,CIP,OXA,NS,52,20,0.019739001631186484,0.10507734999275854
S. aureus,CIP,OXA,NS,52,21,-0.011074063936730539,0.10816710135388709
S. aureus,CIP,OXA,NS,52,22,0.06273640108021569,0.10546376927772831
S. aureus,CIP,OXA,NS,52,23,0.02628523392008358,0.097942744304961707
S. aureus,CIP,OXA,NS,52,24,-0.3108953685411088,0.10750614204466281
S. aureus,CIP,OXA,NS,52,25,0.017062504222483166,0.10580461783058359
S. aureus,CIP,OXA,NS,52,26,-0.0037185728524436095,0.10073916959767618
S. aureus,CIP,OXA,NS,52,27,-0.057973218607993794,0.10508165828069495
S. aureus,CIP,OXA,NS,52,28,-0.17637565160389385,0.09823448757501066
S. aureus,CIP,OXA,NS,52,29,-0.14396756490320078,0.09899498524883707
S. aureus,CIP,OXA,NS,52,30,-0.11883544105899913,0.09449988691861065
S. aureus,CIP,OXA,NS,52,31,-0.17125747776529437,0.09824760535351977
S. aureus,CIP,OXA,NS,52,32,-0.001701220225286869,0.09760816303078795
S. aureus,CIP,OXA,NS,52,33,-0.1328346270902583,0.10034236028191161
S. aureus,CIP,OXA,NS,52,34,-0.37464055474969665,0.1096408237235523
S. aureus,CIP,OXA,NS,52,35,0.006814962684230234,0.10336754396674172
S. aureus,CIP,OXA,NS,52,36,-0.2500748422729256,0.10767074114583063
S. aureus,CIP,OXA,NS,52,37,-0.17701906280218563,0.09485367552503043
S. aureus,CIP,OXA,NS,52,38,-0.08277594885308606,0.09932335037331373
S. aureus,CIP,OXA,NS,52,39,-0.0621213213593651,0.10024784261606644
S. aureus,CIP,OXA,NS,52,40,0.045391704256005846,0.10251069935224316
S. aureus,CIP,OXA,NS,52,41,-0.2579759341513758,0.11022581052255821
S. aureus,CIP,OXA,NS,52,42,-0.04292903048462248,0.1003376850753443
S. aureus,CIP,OXA,NS,52,43,-0.038046665516047656,0.10104879382372133
S. aureus,CIP,OXA,NS,52,44,-0.07702382909184849,0.10594306000426307
S. aureus,CIP,OXA,NS,52,45,0.08065803561673432,0.0989820691734127
S. aureus,CIP,OXA,NS,52,46,-0.032845131298816325,0.09951618548478737
S. aureus,CIP,OXA,NS,52,47,-0.20851128183961704,0.10641222968030295
S. aureus,CIP,OXA,NS,52,48,0.06655579217991976,0.10798215690010385
S. aureus,CIP,OXA,NS,52,49,0.17345904975547882,0.09658734630057342
S. aureus,CIP,OXA,NS,52,50,0.015826049604297007,0.10149255333430825
S. aureus,CIP,OXA,NS,52,51,0.17769030176658931,0.1018768503909197
S. aureus,CIP,OXA,NS,52,52,-0.003781428783404517,0.108913990671227
S. aureus,CIP,OXA,S,52,1,-0.06373119913149815,0.04798310030516424
S. aureus,CIP,OXA,S,52,2,0.09043460963318524,0.053666499563793664
S. aureus,CIP,OXA,S,52,3,-0.0572018556381729,0.04733615594729926
S. aureus,CIP,OXA,S,52,4,-0.009315175329599254,0.04771080856299943
S. aureus,CIP,OXA,S,52,5,-0.04908538038042646,0.0473056410657029
S. aureus,CIP,OXA,S,52,6,-0.012838329557464768,0.04965505922553828
S. aureus,CIP,OXA,S,52,7,0.04352554841366656,0.053409689713037105
S. aureus,CIP,OXA,S,52,8,0.10961573071243196,0.05374546213176767
S. aureus,CIP,OXA,S,52,9,-0.12372476787801388,0.04281727195783292
S. aureus,CIP,OXA,S,52,10,0.019588467476891802,0.048884839289799954
S. aureus,CIP,OXA,S,52,11,-0.029601988937003193,0.048754323728130745
S. aureus,CIP,OXA,S,52,12,0.09855529111723013,0.05356745047368591
S. aureus,CIP,OXA,S,52,13,-0.014553956101571019,0.0482418019724
S. aureus,CIP,OXA,S,52,14,-0.015025387682071808,0.04926450170595867
S. aureus,CIP,OXA,S,52,15,-0.0641985308027142,0.044837055896926416
S. aureus,CIP,OXA,S,52,16,0.03027494414892169,0.05244571130429699
S. aureus,CIP,OXA,S,52,17,0.033428833220762094,0.05293537653011415
S. aureus,CIP,OXA,S,52,18,0.016236266679126428,0.04748392044438472
S. aureus,CIP,OXA,S,52,19,-0.05023758304363946,0.04315411680310914
S. aureus,CIP,OXA,S,52,20,0.0041118900182643,0.04839382927704765
S. aureus,CIP,OXA,S,52,21,0.007540710108653532,0.04693386761887918
S. aureus,CIP,OXA,S,52,22,-0.0032597400426060534,0.04747102785388413
S. aureus,CIP,OXA,S,52,23,-0.04282900277387801,0.04297964817646113
S. aureus,CIP,OXA,S,52,24,0.032612971361463364,0.04950377697088978
S. aureus,CIP,OXA,S,52,25,-0.033104796978855315,0.04496569067053209
S. aureus,CIP,OXA,S,52,26,-0.030073147372791768,0.04262336340783326
S. aureus,CIP,OXA,S,52,27,0.006666564858038188,0.04867903745549384
S. aureus,CIP,OXA,S,52,28,0.024793412463563983,0.046820935319613365
S. aureus,CIP,OXA,S,52,29,0.021360167306012253,0.046124700924608145
S. aureus,CIP,OXA,S,52,30,-0.028450837111894355,0.041153529164809355
S. aureus,CIP,OXA,S,52,31,-0.029717458632646163,0.043695486859658926
S. aureus,CIP,OXA,S,52,32,-0.06870807093234452,0.03862556393644043
S. aureus,CIP,OXA,S,52,33,0.04667790634188738,0.04607023842805866
S. aureus,CIP,OXA,S,52,34,0.020097371752662768,0.04527584437997752
S. aureus,CIP,OXA,S,52,35,0.03314258845659685,0.048122678319356085
S. aureus,CIP,OXA,S,52,36,-0.02864929532334316,0.0427228453319708
S. aureus,CIP,OXA,S,52,37,-0.012664992669449794,0.042826887979663664
S. aureus,CIP,OXA,S,52,38,0.05077452390518977,0.046271049444464
S. aureus,CIP,OXA,S,52,39,-0.018033771618264912,0.043596580264937866
S. aureus,CIP,OXA,S,52,40,0.013546912445239147,0.04608651250598231
S. aureus,CIP,OXA,S,52,41,0.0032751304273412924,0.045778313359437474
S. aureus,CIP,OXA,S,52,42,-0.004841654489807405,0.043237503652358435
S. aureus,CIP,OXA,S,52,43,0.01837420168320907,0.04549485587067177
S. aureus,CIP,OXA,S,52,44,0.0568125591618761,0.04757058900448657
S. aureus,CIP,OXA,S,52,45,0.036572595836559044,0.04742347478105704
S. aureus,CIP,OXA,S,52,46,0.004435984970470172,0.045120084182270495
S. aureus,CIP,OXA,S,52,47,-0.10422492908069055,0.04322995708715521
S. aureus,CIP,OXA,S,52,48,0.10065506438668673,0.05117024147808613
S. aureus,CIP,OXA,S,52,49,-0.012580065748699073,0.0450074620241347
S. aureus,CIP,OXA,S,52,50,-0.03862767158319518,0.04301084764579783
S. aureus,CIP,OXA,S,52,51,-0.008227887676508033,0.043859081329084816
S. aureus,CIP,OXA,S,52,52,-0.007281236364263846,0.05123817634855846
S. aureus,CIP,PEN,NS,52,1,0.12213223054419445,0.07556975971410791
S. aureus,CIP,PEN,NS,52,2,0.03684325596104456,0.07210328931590476
S. aureus,CIP,PEN,NS,52,3,0.10331465695060309,0.0730492053775874
S. aureus,CIP,PEN,NS,52,4,0.02371761837019126,0.07152051063434572
S. aureus,CIP,PEN,NS,52,5,-0.016627617516857034,0.0733240946531514
S. aureus,CIP,PEN,NS,52,6,0.0801547740120389,0.07517146550394133
S. aureus,CIP,PEN,NS,52,7,0.08635649842993381,0.07546340966759084
S. aureus,CIP,PEN,NS,52,8,0.13763094921416666,0.07330983923440682
S. aureus,CIP,PEN,NS,52,9,-0.022991865887938806,0.07443992577551455
S. aureus,CIP,PEN,NS,52,10,0.08341088671215882,0.07090175708886232
S. aureus,CIP,PEN,NS,52,11,0.11506317936057003,0.07319717324540666
S. aureus,CIP,PEN,NS,52,12,0.17018787778289812,0.07428986121178248
S. aureus,CIP,PEN,NS,52,13,-0.03960520967802411,0.0725220945799568
S. aureus,CIP,PEN,NS,52,14,-0.02294144601962242,0.07404987995460757
S. aureus,CIP,PEN,NS,52,15,-0.028746761150912153,0.07310947462003868
S. aureus,CIP,PEN,NS,52,16,-0.001989760694021316,0.07401559042695328
S. aureus,CIP,PEN,NS,52,17,0.08922765063501897,0.07475947316283343
S. aureus,CIP,PEN,NS,52,18,0.05050286949922958,0.0738262908697927
S. aureus,CIP,PEN,NS,52,19,0.11105238468888365,0.07252817113393696
S. aureus,CIP,PEN,NS,52,20,-0.06366045597992008,0.07425854058377622
S. aureus,CIP,PEN,NS,52,21,-0.09190040307482153,0.07375952577848488
S. aureus,CIP,PEN,NS,52,22,-0.04687420005393682,0.07437895724407052
S. aureus,CIP,PEN,NS,52,23,-0.03295543534827517,0.0712411105012222
S. aureus,CIP,PEN,NS,52,24,-0.1229801371920435,0.07266101807662194
S. aureus,CIP,PEN,NS,52,25,-0.011241234475784232,0.07480984978163763
S. aureus,CIP,PEN,NS,52,26,-0.04323299054851463,0.06985668643526868
S. aureus,CIP,PEN,NS,52,27,0.03312640161083977,0.0759968568766525
S. aureus,CIP,PEN,NS,52,28,-0.06656390812073905,0.06835443216330002
S. aureus,CIP,PEN,NS,52,29,-0.05670649006893886,0.06813283071967893
S. aureus,CIP,PEN,NS,52,30,-0.06349343635496749,0.06609943046150982
S. aureus,CIP,PEN,NS,52,31,-0.01063556721886427,0.06954929670303708
S. aureus,CIP,PEN,NS,52,32,-0.10579890824446474,0.06758448910660622
S. aureus,CIP,PEN,NS,52,33,-0.01809304349195492,0.06811662183975806
S. aureus,CIP,PEN,NS,52,34,-0.26718402501362726,0.06543613955033507
S. aureus,CIP,PEN,NS,52,35,0.037468026483236626,0.07402865667849748
S. aureus,CIP,PEN,NS,52,36,-0.15221551274723252,0.06770396156017908
S. aureus,CIP,PEN,NS,52,37,0.025535159694355387,0.06819595340527258
S. aureus,CIP,PEN,NS,52,38,0.010033816112540311,0.07011812268129142
S. aureus,CIP,PEN,NS,52,39,-0.06384200019134244,0.0686996168542958
S. aureus,CIP,PEN,NS,52,40,0.03417644439092268,0.07342435863167504
S. aureus,CIP,PEN,NS,52,41,-0.165838731022581,0.07195646748353471
S. aureus,CIP,PEN,NS,52,42,-0.03139677132564393,0.06997063705583614
S. aureus,CIP,PEN,NS,52,43,-0.07250256070874964,0.07081220966095114
S. aureus,CIP,PEN,NS,52,44,-0.06488934537080228,0.07057884755175614
S. aureus,CIP,PEN,NS,52,45,0.053396524395834116,0.07200694950609138
S. aureus,CIP,PEN,NS,52,46,0.029678150428225955,0.07075251212779173
S. aureus,CIP,PEN,NS,52,47,0.00197097552270419,0.07750876381865936
S. aureus,CIP,PEN,NS,52,48,0.024872551353545772,0.07658379809163252
S. aureus,CIP,PEN,NS,52,49,0.07344117411404052,0.07303835698909919
S. aureus,CIP,PEN,NS,52,50,0.04920272480673783,0.07324138072619481
S. aureus,CIP,PEN,NS,52,51,0.024334633511758526,0.07271579301920078
S. aureus,CIP,PEN,NS,52,52,0.056976323888926254,0.08102818667742187
S. aureus,CIP,PEN,S,52,1,-0.1569938058690193,0.11623199950271568
S. aureus,CIP,PEN,S,52,2,0.113122313545839,0.1284195646049857
S. aureus,CIP,PEN,S,52,3,-0.046337875550628065,0.12945931829029508
S. aureus,CIP,PEN,S,52,4,-0.09114325121256825,0.11435794288748256
S. aureus,CIP,PEN,S,52,5,-0.09053104424932369,0.12618214268549283
S. aureus,CIP,PEN,S,52,6,-0.1622595543932803,0.10470025971344918
S. aureus,CIP,PEN,S,52,7,0.04273440437392019,0.13069771998464227
S. aureus,CIP,PEN,S,52,8,0.2266183535149075,0.13803516007550232
S. aureus,CIP,PEN,S,52,9,-0.0931531471992098,0.12301571208446563
S. aureus,CIP,PEN,S,52,10,0.018627100641712017,0.12928036328298198
S. aureus,CIP,PEN,S,52,11,-0.06137673024091748,0.12373598275766266
S. aureus,CIP,PEN,S,52,12,0.1825704695433253,0.1341787519574668
S. aureus,CIP,PEN,S,52,13,0.1485819637371371,0.1410357267751669
S. aureus,CIP,PEN,S,52,14,-0.13406040893696605,0.10746750393939837
S. aureus,CIP,PEN,S,52,15,0.03034048290631335,0.1254032480884281
S. aureus,CIP,PEN,S,52,16,0.04367402575566537,0.13487751820906413
S. aureus,CIP,PEN,S,52,17,0.3025039821325621,0.1430617331583809
S. aureus,CIP,PEN,S,52,18,0.04181122301119488,0.1223671101226884
S. aureus,CIP,PEN,S,52,19,-0.13971016239074688,0.11612320891110457
S. aureus,CIP,PEN,S,52,20,0.03962939239766223,0.12564421992231822
S. aureus,CIP,PEN,S,52,21,-0.0016592062966035062,0.12386898871692316
S. aureus,CIP,PEN,S,52,22,-0.06910079876837932,0.12374199868948843
S. aureus,CIP,PEN,S,52,23,0.043487691879169045,0.12310186239174328
S. aureus,CIP,PEN,S,52,24,0.07113769305217593,0.12758692399438465
S. aureus,CIP,PEN,S,52,25,-0.09292911083093208,0.10927352378804024
S. aureus,CIP,PEN,S,52,26,0.02593456174599907,0.11623547019813764
S. aureus,CIP,PEN,S,52,27,-0.1109808622952108,0.11278097987592287
S. aureus,CIP,PEN,S,52,28,0.02646896183345003,0.11604455502617843
S. aureus,CIP,PEN,S,52,29,0.11881543890865578,0.13181422865015968
S. aureus,CIP,PEN,S,52,30,-0.09617308841019358,0.11131521116847672
S. aureus,CIP,PEN,S,52,31,-0.04678473128249802,0.11188381963691985
S. aureus,CIP,PEN,S,52,32,-0.028113127639774572,0.11851619761232156
S. aureus,CIP,PEN,S,52,33,-0.0011454320748452158,0.12395644700164649
S. aureus,CIP,PEN,S,52,34,0.07496758089352197,0.12679143673470594
S. aureus,CIP,PEN,S,52,35,0.08452134214773817,0.12843713679210403
S. aureus,CIP,PEN,S,52,36,0.06570846229035097,0.13127260148470607
S. aureus,CIP,PEN,S,52,37,-0.039192277076446624,0.11410212642630298
S. aureus,CIP,PEN,S,52,38,-0.010609662083641046,0.11024264095853424
S. aureus,CIP,PEN,S,52,39,-0.1028732778720332,0.11911727719623841
S. aureus,CIP,PEN,S,52,40,0.06251759268427239,0.12494182152747985
S. aureus,CIP,PEN,S,52,41,0.10495040948303784,0.12798276055811633
S. aureus,CIP,PEN,S,52,42,-0.1855869959628859,0.09734261065722474
S. aureus,CIP,PEN,S,52,43,0.15483638255574708,0.1260474612335404
S. aureus,CIP,PEN,S,52,44,0.12339370074614109,0.12148455113223325
S. aureus,CIP,PEN,S,52,45,-0.006170262416726036,0.12508006993387924
S. aureus,CIP,PEN,S,52,46,-0.14089603954206004,0.10897602811445914
S. aureus,CIP,PEN,S,52,47,-0.2048462478902001,0.11918204630976956
S. aureus,CIP,PEN,S,52,48,0.12095457690308924,0.13304310950802806
S. aureus,CIP,PEN,S,52,49,-0.08649429728670036,0.12118998563922621
S. aureus,CIP,PEN,S,52,50,-0.08369456534339918,0.11300557886053608
S. aureus,CIP,PEN,S,52,51,-0.10278235287805873,0.11432209125697575
S. aureus,CIP,PEN,S,52,52,0.008659581040444763,0.1385198130053653
S. aureus,NIT,ERY,NS,52,1,0.005184786966254364,0.02848177503777698
S. aureus,NIT,ERY,NS,52,2,0.0018543049985765498,0.02645201144985784
S. aureus,NIT,ERY,NS,52,3,0.025698627512506265,0.0273521618463104
S. aureus,NIT,ERY,NS,52,4,0.02690999608820281,0.025568429314080463
S. aureus,NIT,ERY,NS,52,5,0.04611540237840861,0.0272451626636251
S. aureus,NIT,ERY,NS,52,6,0.05027413641708859,0.027445829857801397
S. aureus,NIT,ERY,NS,52,7,0.03543989553780637,0.02689496074730908
S. aureus,NIT,ERY,NS,52,8,-0.029146647030657457,0.025322696531340987
S. aureus,NIT,ERY,NS,52,9,0.016909048147763284,0.026897426635056287
S. aureus,NIT,ERY,NS,52,10,0.06115317707576803,0.02483012597380659
S. aureus,NIT,ERY,NS,52,11,0.08509187494575565,0.02624693900291816
S. aureus,NIT,ERY,NS,52,12,0.04398033519324754,0.027424180924050225
S. aureus,NIT,ERY,NS,52,13,0.032220828214345035,0.029205638992308994
S. aureus,NIT,ERY,NS,52,14,0.10394970321236481,0.027773404745015835
S. aureus,NIT,ERY,NS,52,15,0.013356971695924078,0.02614933713384445
S. aureus,NIT,ERY,NS,52,16,0.08526043394956634,0.02866554338663832
S. aureus,NIT,ERY,NS,52,17,0.024228289177411804,0.025936915074557497
S. aureus,NIT,ERY,NS,52,18,-0.01524967666847305,0.027118661555681402
S. aureus,NIT,ERY,NS,52,19,-0.01816085847022499,0.025069961156010328
S. aureus,NIT,ERY,NS,52,20,-0.04559358371064699,0.026097762004959776
S. aureus,NIT,ERY,NS,52,21,-0.016286212556879516,0.032397211886100875
S. aureus,NIT,ERY,NS,52,22,0.004267156651285259,0.02630825460477432
S. aureus,NIT,ERY,NS,52,23,0.01068451340234889,0.025407443064881352
S. aureus,NIT,ERY,NS,52,24,-0.036755197077091434,0.0268039849044894
S. aureus,NIT,ERY,NS,52,25,-0.05385538500406973,0.028493821651644883
S. aureus,NIT,ERY,NS,52,26,-0.07867669469064562,0.02446559910334973
S. aureus,NIT,ERY,NS,52,27,-0.10862983725283512,0.027490432550782894
S. aureus,NIT,ERY,NS,52,28,-0.025338910542466706,0.024856787183853805
S. aureus,NIT,ERY,NS,52,29,-0.03303703580586808,0.024545529138652426
S. aureus,NIT,ERY,NS,52,30,-0.019081763304996863,0.023835592068875443
S. aureus,NIT,ERY,NS,52,31,0.01571181545085019,0.027334293189690606
S. aureus,NIT,ERY,NS,52,32,-0.07971272123557889,0.024372520540440937
S. aureus,NIT,ERY,NS,52,33,-0.05188258307229859,0.025323057464478767
S. aureus,NIT,ERY,NS,52,34,-0.049822605755715905,0.026860389818944175
S. aureus,NIT,ERY,NS,52,35,-0.1047195789007112,0.02682077158372738
S. aureus,NIT,ERY,NS,52,36,-0.09814885445679689,0.025726791210838124
S. aureus,NIT,ERY,NS,52,37,0.013248911237768023,0.023017063656970108
S. aureus,NIT,ERY,NS,52,38,0.0015445933518421597,0.02364275363192905
S. aureus,NIT,ERY,NS,52,39,0.018653333390683324,0.026074448799869122
S. aureus,NIT,ERY,NS,52,40,0.07161305622807818,0.028148164260588953
S. aureus,NIT,ERY,NS,52,41,0.027276773249281974,0.027341089899220114
S. aureus,NIT,ERY,NS,52,42,3.9363904255960145e-4,0.02481483156017871
S. aureus,NIT,ERY,NS,52,43,-0.006343313622396711,0.026016225855492757
S. aureus,NIT,ERY,NS,52,44,0.012416647162468673,0.02599252210467002
S. aureus,NIT,ERY,NS,52,45,-0.007119767177643139,0.024829202404055062
S. aureus,NIT,ERY,NS,52,46,-0.03082310700269927,0.02620995355607872
S. aureus,NIT,ERY,NS,52,47,0.014101946137702067,0.026700669572877075
S. aureus,NIT,ERY,NS,52,48,0.06923932707597782,0.02705951472484336
S. aureus,NIT,ERY,NS,52,49,0.05441890169756246,0.026846040765304093
S. aureus,NIT,ERY,NS,52,50,0.013322660123581463,0.02563431987265708
S. aureus,NIT,ERY,NS,52,51,-0.07820431238095835,0.027262079031292602
S. aureus,NIT,ERY,NS,52,52,-0.012965307065713352,0.027956426138753463
S. aureus,NIT,ERY,S,52,1,0.030745208318491646,0.03283369744231853
S. aureus,NIT,ERY,S,52,2,-0.009708551732281707,0.02890736281878316
S. aureus,NIT,ERY,S,52,3,-0.016060938377612275,0.030374859649455698
S. aureus,NIT,ERY,S,52,4,0.03275583082721633,0.02940389442157143
S. aureus,NIT,ERY,S,52,5,0.003724172836317033,0.03138487200603992
S. aureus,NIT,ERY,S,52,6,-0.0015239521746283776,0.03080376894216238
S. aureus,NIT,ERY,S,52,7,0.05576608888827618,0.03206737773168246
S. aureus,NIT,ERY,S,52,8,0.04764519365942364,0.03260598382801643
S. aureus,NIT,ERY,S,52,9,-0.017059000225357484,0.029927605903723738
S. aureus,NIT,ERY,S,52,10,-0.003824056679345698,0.031274935633072036
S. aureus,NIT,ERY,S,52,11,0.03840475535205452,0.03121465548175122
S. aureus,NIT,ERY,S,52,12,0.02653208124879947,0.03072421677392873
S. aureus,NIT,ERY,S,52,13,-0.004281533612281632,0.03046487358245879
S. aureus,NIT,ERY,S,52,14,0.06487712075689958,0.03012439465068282
S. aureus,NIT,ERY,S,52,15,0.007029893806105363,0.030466621145200178
S. aureus,NIT,ERY,S,52,16,0.07180871974537094,0.030309094430936906
S. aureus,NIT,ERY,S,52,17,0.017385349641908524,0.032975217967445375
S. aureus,NIT,ERY,S,52,18,0.02183631460107674,0.03007295133914873
S. aureus,NIT,ERY,S,52,19,0.011007650931547194,0.030207540523446146
S. aureus,NIT,ERY,S,52,20,0.02963167123462031,0.029749555135545714
S. aureus,NIT,ERY,S,52,21,9.915236562461148e-4,0.03004277052190219
S. aureus,NIT,ERY,S,52,22,-0.05682008064055598,0.028664325252125613
S. aureus,NIT,ERY,S,52,23,0.04756845352359235,0.027088522447622995
S. aureus,NIT,ERY,S,52,24,-0.04081608452180452,0.02780301175355006
S. aureus,NIT,ERY,S,52,25,0.038841303165535274,0.029908614186955753
S. aureus,NIT,ERY,S,52,26,-0.04525729552073791,0.028093548280905347
S. aureus,NIT,ERY,S,52,27,-0.060545396828024,0.030342037907594783
S. aureus,NIT,ERY,S,52,28,-0.05801251622957797,0.02739702009921296
S. aureus,NIT,ERY,S,52,29,-0.03730400171848111,0.02849405719535566
S. aureus,NIT,ERY,S,52,30,0.016906144137492266,0.028536761723455716
S. aureus,NIT,ERY,S,52,31,-0.00914115554398502,0.02737189658050304
S. aureus,NIT,ERY,S,52,32,-0.04773714299199349,0.02661381397586971
S. aureus,NIT,ERY,S,52,33,-0.01825393295816199,0.02782937057645477
S. aureus,NIT,ERY,S,52,34,-0.0033178011901408406,0.02899669701732238
S. aureus,NIT,ERY,S,52,35,-0.09184233426523611,0.02857912213490993
S. aureus,NIT,ERY,S,52,36,-0.02301914262970272,0.027399621136457906
S. aureus,NIT,ERY,S,52,37,-0.02035334675472167,0.02813324795989142
S. aureus,NIT,ERY,S,52,38,0.020694934943817488,0.027828456997796916
S. aureus,NIT,ERY,S,52,39,0.004922715741455889,0.028538773404775036
S. aureus,NIT,ERY,S,52,40,0.03366932411806312,0.02792956417911399
S. aureus,NIT,ERY,S,52,41,0.021570256398653277,0.028706974496842803
S. aureus,NIT,ERY,S,52,42,-0.05249359149090021,0.028076084355297633
S. aureus,NIT,ERY,S,52,43,-0.05432554285396106,0.0271369576245356
S. aureus,NIT,ERY,S,52,44,-0.036089567859097595,0.03014722912470084
S. aureus,NIT,ERY,S,52,45,0.03880127101333632,0.029232428595707512
S. aureus,NIT,ERY,S,52,46,0.042877861116849054,0.03130567285744215
S. aureus,NIT,ERY,S,52,47,-0.0399877739666307,0.03137194569262021
S. aureus,NIT,ERY,S,52,48,0.030352880769751248,0.029873058802527164
S. aureus,NIT,ERY,S,52,49,0.046590383263649345,0.0286842779864836
S. aureus,NIT,ERY,S,52,50,0.012361807659754682,0.02993194072010592
S. aureus,NIT,ERY,S,52,51,-0.05949815117988253,0.02664521183074794
S. aureus,NIT,ERY,S,52,52,-0.02581436483672955,0.03205115743884017
S. aureus,NIT,OXA,NS,52,1,0.010474353426348273,0.03396430919226628
S. aureus,NIT,OXA,NS,52,2,0.007218047763259391,0.03220575869434813
S. aureus,NIT,OXA,NS,52,3,0.03704718900371017,0.03153491044460089
S. aureus,NIT,OXA,NS,52,4,0.05392466134024413,0.031625792324281504
S. aureus,NIT,OXA,NS,52,5,0.0567877834883097,0.03214432298804113
S. aureus,NIT,OXA,NS,52,6,4.7502754617256436e-4,0.03252782594489961
S. aureus,NIT,OXA,NS,52,7,0.015242098647242231,0.03305924484195507
S. aureus,NIT,OXA,NS,52,8,-0.045188198914598535,0.030974237906023067
S. aureus,NIT,OXA,NS,52,9,0.003624937554269759,0.03206029718998523
S. aureus,NIT,OXA,NS,52,10,0.06516245852089483,0.03029158244786906
S. aureus,NIT,OXA,NS,52,11,0.05941528054392626,0.030674778526219477
S. aureus,NIT,OXA,NS,52,12,0.05814983959256237,0.033249370870920676
S. aureus,NIT,OXA,NS,52,13,0.012138824738247527,0.034205831156750806
S. aureus,NIT,OXA,NS,52,14,0.06601074419132665,0.03489242833691042
S. aureus,NIT,OXA,NS,52,15,0.025654144102516544,0.030701083849379994
S. aureus,NIT,OXA,NS,52,16,0.06400225346315301,0.03494437126855684
S. aureus,NIT,OXA,NS,52,17,0.029514984872965278,0.03079447062730165
S. aureus,NIT,OXA,NS,52,18,0.0016628362293714353,0.03471275369760212
S. aureus,NIT,OXA,NS,52,19,-0.05404142124203071,0.030557862758304005
S. aureus,NIT,OXA,NS,52,20,-0.06054920163618391,0.03228295999066847
S. aureus,NIT,OXA,NS,52,21,-0.004764587455924226,0.04686969163443282
S. aureus,NIT,OXA,NS,52,22,-0.015466798203275815,0.032173935428041846
S. aureus,NIT,OXA,NS,52,23,0.011295232296572434,0.030705309988767106
S. aureus,NIT,OXA,NS,52,24,-0.05013588053670918,0.030261912253404112
S. aureus,NIT,OXA,NS,52,25,-0.0623479181744501,0.03641410889292404
S. aureus,NIT,OXA,NS,52,26,-0.11062013109483587,0.02973308774864797
S. aureus,NIT,OXA,NS,52,27,-0.10506522040890086,0.03397946761727108
S. aureus,NIT,OXA,NS,52,28,-0.047558391462355916,0.029820911987680113
S. aureus,NIT,OXA,NS,52,29,-0.02876146295526479,0.029726427644822806
S. aureus,NIT,OXA,NS,52,30,0.011305538159439802,0.028081077727358714
S. aureus,NIT,OXA,NS,52,31,5.733484504079852e-4,0.030709204236228284
S. aureus,NIT,OXA,NS,52,32,-0.08253671161506897,0.029741671403989988
S. aureus,NIT,OXA,NS,52,33,-0.003751820756334842,0.031220916224109312
S. aureus,NIT,OXA,NS,52,34,-0.07130853706126594,0.03289537038349658
S. aureus,NIT,OXA,NS,52,35,-0.08420157180715394,0.0331646096379866
S. aureus,NIT,OXA,NS,52,36,-0.11513829791599497,0.031383709996935336
S. aureus,NIT,OXA,NS,52,37,0.00944645331667925,0.026648594778096796
S. aureus,NIT,OXA,NS,52,38,0.03295271075236245,0.028342605423876212
S. aureus,NIT,OXA,NS,52,39,0.038956313912783744,0.03113287998894633
S. aureus,NIT,OXA,NS,52,40,0.09759251051010642,0.03329294972513469
S. aureus,NIT,OXA,NS,52,41,0.056748583687294366,0.031136059993284747
S. aureus,NIT,OXA,NS,52,42,-0.018678402445782272,0.03195510991503576
S. aureus,NIT,OXA,NS,52,43,-0.004060860024252249,0.03075189815725409
S. aureus,NIT,OXA,NS,52,44,-0.004077414601350855,0.03232489093980055
S. aureus,NIT,OXA,NS,52,45,0.00824585212732608,0.029981934476230855
S. aureus,NIT,OXA,NS,52,46,-0.010749650190927188,0.03282216896295333
S. aureus,NIT,OXA,NS,52,47,0.006607051145080807,0.030109615604658833
S. aureus,NIT,OXA,NS,52,48,0.08697066422564083,0.03477781040828673
S. aureus,NIT,OXA,NS,52,49,0.08523313992420414,0.03201905077910106
S. aureus,NIT,OXA,NS,52,50,0.03133617921455216,0.030704852829476176
S. aureus,NIT,OXA,NS,52,51,-0.049922706335532516,0.03283680970761636
S. aureus,NIT,OXA,NS,52,52,-0.03600317891871385,0.032726440027701996
S. aureus,NIT,OXA,S,52,1,0.02462363659616527,0.027764063426189343
S. aureus,NIT,OXA,S,52,2,-0.014642890714631816,0.024275027407256396
S. aureus,NIT,OXA,S,52,3,-0.015292819292023493,0.02637799726890801
S. aureus,NIT,OXA,S,52,4,0.013428678488341705,0.02414777260533805
S. aureus,NIT,OXA,S,52,5,0.015788021621315908,0.026640450205144942
S. aureus,NIT,OXA,S,52,6,0.039494529891936504,0.026616178028967496
S. aureus,NIT,OXA,S,52,7,0.062091872171948864,0.02638892091320872
S. aureus,NIT,OXA,S,52,8,0.03565927305517223,0.026171942343380095
S. aureus,NIT,OXA,S,52,9,-7.094333097141439e-4,0.025704344046131658
S. aureus,NIT,OXA,S,52,10,0.018306865597177865,0.025221546047895223
S. aureus,NIT,OXA,S,52,11,0.06462603955944024,0.02651463550534582
S. aureus,NIT,OXA,S,52,12,0.028151024631861598,0.02584755189795075
S. aureus,NIT,OXA,S,52,13,0.012178724503485503,0.02627813967509544
S. aureus,NIT,OXA,S,52,14,0.09409317540443199,0.025296308332763702
S. aureus,NIT,OXA,S,52,15,3.8670881046998527e-4,0.02559222374473264
S. aureus,NIT,OXA,S,52,16,0.08356655334788245,0.0260568886895193
S. aureus,NIT,OXA,S,52,17,0.01756388904682248,0.0272303055824021
S. aureus,NIT,OXA,S,52,18,-0.0014839958157797605,0.02429112083679778
S. aureus,NIT,OXA,S,52,19,0.028841972205139486,0.024878186169241395
S. aureus,NIT,OXA,S,52,20,0.020615534567274815,0.024867360880680235
S. aureus,NIT,OXA,S,52,21,-0.008202989064333602,0.024642955565732386
S. aureus,NIT,OXA,S,52,22,-0.026530590269406386,0.024145867776452175
S. aureus,NIT,OXA,S,52,23,0.0369970090018186,0.023194829779980865
S. aureus,NIT,OXA,S,52,24,-0.03613585131967514,0.024915325236426283
S. aureus,NIT,OXA,S,52,25,0.013576271081099748,0.02497693199283624
S. aureus,NIT,OXA,S,52,26,-0.03725447575894796,0.023507365032481478
S. aureus,NIT,OXA,S,52,27,-0.07810568887176852,0.02540197975007367
S. aureus,NIT,OXA,S,52,28,-0.03478014530118264,0.023470430090540423
S. aureus,NIT,OXA,S,52,29,-0.04015691009073374,0.02374062248143619
S. aureus,NIT,OXA,S,52,30,-0.014515201901715813,0.023948276035546105
S. aureus,NIT,OXA,S,52,31,0.0031606778359903115,0.024823437661733092
S. aureus,NIT,OXA,S,52,32,-0.05206501858850175,0.02245342115161527
S. aureus,NIT,OXA,S,52,33,-0.05453162246587139,0.02319707789436051
S. aureus,NIT,OXA,S,52,34,-0.007126373258424258,0.024573319646394205
S. aureus,NIT,OXA,S,52,35,-0.10808099659830235,0.023927566841213745
S. aureus,NIT,OXA,S,52,36,-0.03442428727589611,0.02339947726535847
S. aureus,NIT,OXA,S,52,37,-0.008957068589399085,0.023835405675511578
S. aureus,NIT,OXA,S,52,38,-6.447075178715808e-4,0.023054265748746156
S. aureus,NIT,OXA,S,52,39,0.0014570962203306148,0.024290076646668823
S. aureus,NIT,OXA,S,52,40,0.029704377077515092,0.024462926283499654
S. aureus,NIT,OXA,S,52,41,0.00509420793292936,0.025206789692887713
S. aureus,NIT,OXA,S,52,42,-0.02157383960816139,0.023138569789939716
S. aureus,NIT,OXA,S,52,43,-0.04052871403541989,0.02367784834929405
S. aureus,NIT,OXA,S,52,44,-0.011171531950676897,0.02512668153068354
S. aureus,NIT,OXA,S,52,45,0.013829876872690584,0.024289154065275827
S. aureus,NIT,OXA,S,52,46,0.011789956203186439,0.02528932830356981
S. aureus,NIT,OXA,S,52,47,-0.019266145823161503,0.02735222687632919
S. aureus,NIT,OXA,S,52,48,0.035854699295445956,0.0244819849054977
S. aureus,NIT,OXA,S,52,49,0.0337806390202438,0.02466706553242893
S. aureus,NIT,OXA,S,52,50,0.002195615776684587,0.025049566813479442
S. aureus,NIT,OXA,S,52,51,-0.08047129101576493,0.02306373163199987
S. aureus,NIT,OXA,S,52,52,-0.011448749938007837,0.027487811134454053
S. aureus,NIT,PEN,NS,52,1,-0.0014168887936728866,0.02453867566702813
S. aureus,NIT,PEN,NS,52,2,0.019363705822065834,0.023587738788711864
S. aureus,NIT,PEN,NS,52,3,0.028607310153843542,0.02346632508693947
S. aureus,NIT,PEN,NS,52,4,0.05112904187218992,0.022814884213426357
S. aureus,NIT,PEN,NS,52,5,0.018463254965797645,0.0236612835777502
S. aureus,NIT,PEN,NS,52,6,0.0014647315825118308,0.023422676827248974
S. aureus,NIT,PEN,NS,52,7,0.04235037715409655,0.024306331503647482
S. aureus,NIT,PEN,NS,52,8,0.024249596399132805,0.02401381217435894
S. aureus,NIT,PEN,NS,52,9,0.015851669133385097,0.023873641471297245
S. aureus,NIT,PEN,NS,52,10,0.06104045278224229,0.022236034667685468
S. aureus,NIT,PEN,NS,52,11,0.04690998191742804,0.023293830686203467
S. aureus,NIT,PEN,NS,52,12,0.025304196932606642,0.023856715587929865
S. aureus,NIT,PEN,NS,52,13,-0.00480152390179006,0.02497098463091557
S. aureus,NIT,PEN,NS,52,14,0.06202286000632104,0.02364436149884713
S. aureus,NIT,PEN,NS,52,15,0.005617728761137231,0.023401493119308416
S. aureus,NIT,PEN,NS,52,16,0.054106506404632326,0.02385550109948646
S. aureus,NIT,PEN,NS,52,17,0.014236417436231781,0.023505502832217046
S. aureus,NIT,PEN,NS,52,18,0.007148166058636438,0.02507171013428136
S. aureus,NIT,PEN,NS,52,19,0.006235397068132787,0.023559643287567857
S. aureus,NIT,PEN,NS,52,20,-0.011202743007646164,0.02342838737554427
S. aureus,NIT,PEN,NS,52,21,0.010298335709446377,0.02940938588118556
S. aureus,NIT,PEN,NS,52,22,-2.0406371348871376e-5,0.023772997743220243
S. aureus,NIT,PEN,NS,52,23,0.03494467946346494,0.022903225599212623
S. aureus,NIT,PEN,NS,52,24,-0.016450312058606968,0.02452121128439611
S. aureus,NIT,PEN,NS,52,25,-0.013903583873036713,0.025356266396580313
S. aureus,NIT,PEN,NS,52,26,-0.07117257221101106,0.022637398300793324
S. aureus,NIT,PEN,NS,52,27,-0.10439124218176053,0.02509210455286811
S. aureus,NIT,PEN,NS,52,28,-0.03547713231678815,0.022795949987856116
S. aureus,NIT,PEN,NS,52,29,-0.019496505480515514,0.022822608066134675
S. aureus,NIT,PEN,NS,52,30,0.006921809230973381,0.022306782670735794
S. aureus,NIT,PEN,NS,52,31,-0.02388516000864202,0.02312837432147202
S. aureus,NIT,PEN,NS,52,32,-0.0803630450624028,0.02220993934135872
S. aureus,NIT,PEN,NS,52,33,-0.05723709961587726,0.022610053632566716
S. aureus,NIT,PEN,NS,52,34,-0.047177521338542874,0.024367849364429477
S. aureus,NIT,PEN,NS,52,35,-0.10988233421185112,0.02440023729571434
S. aureus,NIT,PEN,NS,52,36,-0.10564023588133573,0.02237058947523854
S. aureus,NIT,PEN,NS,52,37,0.012423715343686324,0.02189897903199655
S. aureus,NIT,PEN,NS,52,38,0.032348897066053595,0.022239226846397207
S. aureus,NIT,PEN,NS,52,39,0.005694650889672808,0.02343085496507963
S. aureus,NIT,PEN,NS,52,40,0.08795553123720064,0.02470969918661782
S. aureus,NIT,PEN,NS,52,41,0.04615057878853288,0.02439415877177564
S. aureus,NIT,PEN,NS,52,42,-0.012792629406693304,0.023825400506096012
S. aureus,NIT,PEN,NS,52,43,-0.049819971063478956,0.02360483831788093
S. aureus,NIT,PEN,NS,52,44,-0.022859773619448274,0.02456504028443821
S. aureus,NIT,PEN,NS,52,45,0.018714253756752477,0.022767128243479203
S. aureus,NIT,PEN,NS,52,46,-0.01814088956187071,0.024753004448159043
S. aureus,NIT,PEN,NS,52,47,0.003220978003413735,0.02542073826450799
S. aureus,NIT,PEN,NS,52,48,0.06518141591121933,0.025562743496988814
S. aureus,NIT,PEN,NS,52,49,0.0713584212536444,0.024311744582305252
S. aureus,NIT,PEN,NS,52,50,0.01426591199789849,0.02369065547156691
S. aureus,NIT,PEN,NS,52,51,-0.07380385820652162,0.023954560999984206
S. aureus,NIT,PEN,NS,52,52,-0.02361598066740797,0.026492039889965586
S. aureus,NIT,PEN,S,52,1,0.041312724737879794,0.0628635247879792
S. aureus,NIT,PEN,S,52,2,0.005046966827891559,0.05231449772463133
S. aureus,NIT,PEN,S,52,3,-0.06386234969205813,0.05651620248675235
S. aureus,NIT,PEN,S,52,4,-0.014747799686462539,0.05305074161488632
S. aureus,NIT,PEN,S,52,5,0.02573987213896411,0.05790371838265808
S. aureus,NIT,PEN,S,52,6,0.09176723605914558,0.06033453527520555
S. aureus,NIT,PEN,S,52,7,0.07008924790602386,0.054090619042143316
S. aureus,NIT,PEN,S,52,8,0.05723772598510061,0.0576690478908195
S. aureus,NIT,PEN,S,52,9,-0.0036571367046041294,0.05367817927058524
S. aureus,NIT,PEN,S,52,10,-0.10322245245453085,0.05435485181184353
S. aureus,NIT,PEN,S,52,11,0.11935544885727965,0.056735509592844124
S. aureus,NIT,PEN,S,52,12,0.021534929216353377,0.05156084792150923
S. aureus,NIT,PEN,S,52,13,0.005964762824020666,0.05464253009073133
S. aureus,NIT,PEN,S,52,14,0.06914528398461664,0.04890530429523667
S. aureus,NIT,PEN,S,52,15,0.020921048580503917,0.05197390262044436
S. aureus,NIT,PEN,S,52,16,0.14306388077289905,0.059115045601086234
S. aureus,NIT,PEN,S,52,17,0.062213329357461954,0.05711987512002879
S. aureus,NIT,PEN,S,52,18,-0.05539386996851545,0.05050711214005988
S. aureus,NIT,PEN,S,52,19,-0.07994140780370766,0.05063135544639275
S. aureus,NIT,PEN,S,52,20,-0.03398142611419018,0.05582084396205672
S. aureus,NIT,PEN,S,52,21,-0.004683755829599587,0.052968581564990486
S. aureus,NIT,PEN,S,52,22,-7.21985732486881e-4,0.05711414267251631
S. aureus,NIT,PEN,S,52,23,0.07184013906633563,0.051019338161057304
S. aureus,NIT,PEN,S,52,24,-0.043135336610601385,0.05153771830272274
S. aureus,NIT,PEN,S,52,25,0.039486818895689266,0.05831683353761537
S. aureus,NIT,PEN,S,52,26,-0.020939495323060484,0.05428839323038996
S. aureus,NIT,PEN,S,52,27,-0.06550508426308914,0.05796143307523084
S. aureus,NIT,PEN,S,52,28,-0.04777130418916452,0.046418320785738536
S. aureus,NIT,PEN,S,52,29,-0.054378718590838246,0.05236738498586971
S. aureus,NIT,PEN,S,52,30,-0.07627052650114154,0.054121199666586295
S. aureus,NIT,PEN,S,52,31,-0.002769817777716046,0.05379308671624142
S. aureus,NIT,PEN,S,52,32,-0.08166376739600667,0.04898965006070168
S. aureus,NIT,PEN,S,52,33,-0.021258562197736343,0.05797412451907826
S. aureus,NIT,PEN,S,52,34,-0.004825953527633557,0.05532660048417167
S. aureus,NIT,PEN,S,52,35,-0.12612725157476992,0.05872910035277236
S. aureus,NIT,PEN,S,52,36,-0.005998760010936624,0.06300495071294539
S. aureus,NIT,PEN,S,52,37,0.07514394025830093,0.05745653803714978
S. aureus,NIT,PEN,S,52,38,-0.003159983544186402,0.050368600075465154
S. aureus,NIT,PEN,S,52,39,0.00414943592776433,0.058707807447422544
S. aureus,NIT,PEN,S,52,40,0.03296487717265872,0.056132255800751804
S. aureus,NIT,PEN,S,52,41,0.0014842514122261844,0.05295161432825427
S. aureus,NIT,PEN,S,52,42,-0.017676306836220002,0.048367955871598305
S. aureus,NIT,PEN,S,52,43,0.017278329667239394,0.053191882033033745
S. aureus,NIT,PEN,S,52,44,-0.018756834671507704,0.055072748900287245
S. aureus,NIT,PEN,S,52,45,-0.04486126012497883,0.0584846752111267
S. aureus,NIT,PEN,S,52,46,-0.038453574968286414,0.06191886341223264
S. aureus,NIT,PEN,S,52,47,-0.09439038554672027,0.06505602898924157
S. aureus,NIT,PEN,S,52,48,0.041413044112071924,0.05580977902016497
S. aureus,NIT,PEN,S,52,49,-0.022642925058128236,0.06024158749168086
S. aureus,NIT,PEN,S,52,50,0.005876861429529595,0.057573484832624124
S. aureus,NIT,PEN,S,52,51,-3.354890225194228e-4,0.05953102449624501
S. aureus,NIT,PEN,S,52,52,0.0378332682274816,0.070306148176385
